{
    "invoice": {
        "template": "templates/Invoice_44.htm",
        "logo": "logos/LLD-logo-files/legrandsoir.png",
        "font": "fonts/Noto_Serif/NotoSerif-Bold.ttf",
        "dpi": 200,
        "color_map": {
            "#595959": "#595959",
            "#577188": "#885670",
            "#DC9E1F": "#1edc7e",
            "#7E97AD": "#82ad7e",
            "#D9D9D9": "#d9d9d9",
            "#A6A6A6": "#a6a6a6"
        },
        "font_scale": 1.085436064374282,
        "margin": 16
    },
    "warping": {
        "environment": "environments/IndoorHDRDataset2018/AG8A0544-df05e1bb8b.exr",
        "mesh": "meshes/objs/C/2/2_548_2.obj",
        "resolution": 1600
    }
}