[
    {
        "text": "Harrington,",
        "top": 129,
        "left": 137,
        "height": 31,
        "width": 132
    },
    {
        "text": "Kline",
        "top": 129,
        "left": 276,
        "height": 31,
        "width": 59
    },
    {
        "text": "and",
        "top": 129,
        "left": 341,
        "height": 31,
        "width": 42
    },
    {
        "text": "Butler",
        "top": 129,
        "left": 389,
        "height": 31,
        "width": 71
    },
    {
        "text": "89628",
        "top": 159,
        "left": 137,
        "height": 31,
        "width": 64
    },
    {
        "text": "Frazier",
        "top": 159,
        "left": 207,
        "height": 31,
        "width": 82
    },
    {
        "text": "Plaza",
        "top": 159,
        "left": 295,
        "height": 31,
        "width": 60
    },
    {
        "text": "Suite",
        "top": 159,
        "left": 360,
        "height": 31,
        "width": 57
    },
    {
        "text": "187",
        "top": 159,
        "left": 424,
        "height": 31,
        "width": 38
    },
    {
        "text": "Michaelland,",
        "top": 190,
        "left": 137,
        "height": 31,
        "width": 144
    },
    {
        "text": "OK",
        "top": 190,
        "left": 287,
        "height": 31,
        "width": 34
    },
    {
        "text": "92006",
        "top": 190,
        "left": 327,
        "height": 31,
        "width": 64
    },
    {
        "text": "+1-622-304-8437x75363",
        "top": 220,
        "left": 137,
        "height": 31,
        "width": 250
    },
    {
        "text": "+32496-087705",
        "top": 220,
        "left": 394,
        "height": 31,
        "width": 159
    },
    {
        "text": "#447295",
        "top": 301,
        "left": 136,
        "height": 43,
        "width": 123
    },
    {
        "text": "BILL",
        "top": 399,
        "left": 137,
        "height": 43,
        "width": 75
    },
    {
        "text": "TO",
        "top": 399,
        "left": 220,
        "height": 43,
        "width": 46
    },
    {
        "text": "Jose",
        "top": 453,
        "left": 137,
        "height": 43,
        "width": 64
    },
    {
        "text": "Rice",
        "top": 453,
        "left": 209,
        "height": 43,
        "width": 69
    },
    {
        "text": "71362",
        "top": 498,
        "left": 137,
        "height": 43,
        "width": 88
    },
    {
        "text": "Cline",
        "top": 498,
        "left": 233,
        "height": 43,
        "width": 82
    },
    {
        "text": "Crossroad",
        "top": 498,
        "left": 322,
        "height": 43,
        "width": 163
    },
    {
        "text": "Apt.",
        "top": 498,
        "left": 493,
        "height": 43,
        "width": 66
    },
    {
        "text": "413",
        "top": 498,
        "left": 568,
        "height": 43,
        "width": 53
    },
    {
        "text": "Brookschester,",
        "top": 542,
        "left": 137,
        "height": 43,
        "width": 239
    },
    {
        "text": "NM",
        "top": 542,
        "left": 384,
        "height": 43,
        "width": 56
    },
    {
        "text": "77415",
        "top": 542,
        "left": 448,
        "height": 43,
        "width": 88
    },
    {
        "text": "SHIP",
        "top": 399,
        "left": 654,
        "height": 43,
        "width": 78
    },
    {
        "text": "TO",
        "top": 399,
        "left": 740,
        "height": 43,
        "width": 46
    },
    {
        "text": "Ronald",
        "top": 453,
        "left": 654,
        "height": 43,
        "width": 113
    },
    {
        "text": "Parker",
        "top": 453,
        "left": 775,
        "height": 43,
        "width": 111
    },
    {
        "text": "46400",
        "top": 498,
        "left": 654,
        "height": 43,
        "width": 88
    },
    {
        "text": "Kathryn",
        "top": 498,
        "left": 750,
        "height": 43,
        "width": 133
    },
    {
        "text": "Loop",
        "top": 498,
        "left": 890,
        "height": 43,
        "width": 79
    },
    {
        "text": "Smithport,",
        "top": 542,
        "left": 654,
        "height": 43,
        "width": 173
    },
    {
        "text": "NJ",
        "top": 542,
        "left": 836,
        "height": 43,
        "width": 37
    },
    {
        "text": "29678",
        "top": 542,
        "left": 881,
        "height": 43,
        "width": 88
    },
    {
        "text": "DESCRIPTION",
        "top": 632,
        "left": 415,
        "height": 43,
        "width": 225
    },
    {
        "text": "Single",
        "top": 696,
        "left": 415,
        "height": 43,
        "width": 98
    },
    {
        "text": "antique",
        "top": 696,
        "left": 521,
        "height": 43,
        "width": 123
    },
    {
        "text": "rose",
        "top": 696,
        "left": 652,
        "height": 43,
        "width": 69
    },
    {
        "text": "hook",
        "top": 696,
        "left": 728,
        "height": 43,
        "width": 79
    },
    {
        "text": "ivory",
        "top": 696,
        "left": 816,
        "height": 43,
        "width": 84
    },
    {
        "text": "Antique",
        "top": 760,
        "left": 415,
        "height": 43,
        "width": 128
    },
    {
        "text": "glass",
        "top": 760,
        "left": 551,
        "height": 43,
        "width": 79
    },
    {
        "text": "pedestal",
        "top": 760,
        "left": 639,
        "height": 43,
        "width": 135
    },
    {
        "text": "bowl",
        "top": 760,
        "left": 783,
        "height": 43,
        "width": 78
    },
    {
        "text": "Doormat",
        "top": 823,
        "left": 415,
        "height": 43,
        "width": 142
    },
    {
        "text": "new",
        "top": 823,
        "left": 566,
        "height": 43,
        "width": 66
    },
    {
        "text": "england",
        "top": 823,
        "left": 639,
        "height": 43,
        "width": 127
    },
    {
        "text": "Doormat",
        "top": 887,
        "left": 415,
        "height": 43,
        "width": 142
    },
    {
        "text": "welcome",
        "top": 887,
        "left": 566,
        "height": 43,
        "width": 143
    },
    {
        "text": "to",
        "top": 887,
        "left": 716,
        "height": 43,
        "width": 32
    },
    {
        "text": "our",
        "top": 887,
        "left": 756,
        "height": 43,
        "width": 56
    },
    {
        "text": "home",
        "top": 887,
        "left": 819,
        "height": 43,
        "width": 90
    },
    {
        "text": "Heart",
        "top": 951,
        "left": 415,
        "height": 43,
        "width": 91
    },
    {
        "text": "shaped",
        "top": 951,
        "left": 514,
        "height": 43,
        "width": 115
    },
    {
        "text": "holly",
        "top": 951,
        "left": 637,
        "height": 43,
        "width": 81
    },
    {
        "text": "wreath",
        "top": 951,
        "left": 727,
        "height": 43,
        "width": 114
    },
    {
        "text": "Jam",
        "top": 1015,
        "left": 415,
        "height": 43,
        "width": 62
    },
    {
        "text": "making",
        "top": 1015,
        "left": 486,
        "height": 43,
        "width": 121
    },
    {
        "text": "set",
        "top": 1015,
        "left": 615,
        "height": 43,
        "width": 46
    },
    {
        "text": "with",
        "top": 1015,
        "left": 669,
        "height": 43,
        "width": 72
    },
    {
        "text": "jars",
        "top": 1015,
        "left": 749,
        "height": 43,
        "width": 62
    },
    {
        "text": "Charlotte",
        "top": 1079,
        "left": 415,
        "height": 43,
        "width": 151
    },
    {
        "text": "bag",
        "top": 1079,
        "left": 574,
        "height": 43,
        "width": 58
    },
    {
        "text": "suki",
        "top": 1079,
        "left": 639,
        "height": 43,
        "width": 68
    },
    {
        "text": "design",
        "top": 1079,
        "left": 716,
        "height": 43,
        "width": 104
    },
    {
        "text": "Scotties",
        "top": 1143,
        "left": 415,
        "height": 43,
        "width": 125
    },
    {
        "text": "childrens",
        "top": 1143,
        "left": 550,
        "height": 43,
        "width": 151
    },
    {
        "text": "apron",
        "top": 1143,
        "left": 709,
        "height": 43,
        "width": 96
    },
    {
        "text": "Wooden",
        "top": 1207,
        "left": 415,
        "height": 43,
        "width": 130
    },
    {
        "text": "frame",
        "top": 1207,
        "left": 553,
        "height": 43,
        "width": 98
    },
    {
        "text": "antique",
        "top": 1207,
        "left": 658,
        "height": 43,
        "width": 123
    },
    {
        "text": "white",
        "top": 1207,
        "left": 789,
        "height": 43,
        "width": 90
    },
    {
        "text": "QUANTITY",
        "top": 632,
        "left": 136,
        "height": 43,
        "width": 175
    },
    {
        "text": "10",
        "top": 696,
        "left": 136,
        "height": 43,
        "width": 35
    },
    {
        "text": "9",
        "top": 760,
        "left": 136,
        "height": 43,
        "width": 18
    },
    {
        "text": "8",
        "top": 823,
        "left": 136,
        "height": 43,
        "width": 18
    },
    {
        "text": "6",
        "top": 887,
        "left": 136,
        "height": 43,
        "width": 18
    },
    {
        "text": "8",
        "top": 951,
        "left": 136,
        "height": 43,
        "width": 18
    },
    {
        "text": "10",
        "top": 1015,
        "left": 136,
        "height": 43,
        "width": 35
    },
    {
        "text": "8",
        "top": 1079,
        "left": 136,
        "height": 43,
        "width": 18
    },
    {
        "text": "9",
        "top": 1143,
        "left": 136,
        "height": 43,
        "width": 18
    },
    {
        "text": "8",
        "top": 1207,
        "left": 136,
        "height": 43,
        "width": 18
    },
    {
        "text": "SUBTOTAL",
        "top": 1590,
        "left": 136,
        "height": 43,
        "width": 174
    },
    {
        "text": "SALES",
        "top": 1654,
        "left": 136,
        "height": 43,
        "width": 103
    },
    {
        "text": "TAX",
        "top": 1654,
        "left": 248,
        "height": 43,
        "width": 66
    },
    {
        "text": "SHIPPING",
        "top": 1718,
        "left": 136,
        "height": 43,
        "width": 162
    },
    {
        "text": "&",
        "top": 1718,
        "left": 305,
        "height": 43,
        "width": 25
    },
    {
        "text": "HANDLING",
        "top": 1718,
        "left": 339,
        "height": 43,
        "width": 182
    },
    {
        "text": "TOTAL",
        "top": 1782,
        "left": 136,
        "height": 43,
        "width": 110
    },
    {
        "text": "DUE",
        "top": 1782,
        "left": 254,
        "height": 43,
        "width": 69
    },
    {
        "text": "BY",
        "top": 1782,
        "left": 331,
        "height": 43,
        "width": 41
    },
    {
        "text": "DATE",
        "top": 1782,
        "left": 380,
        "height": 43,
        "width": 88
    },
    {
        "text": "23",
        "top": 301,
        "left": 1371,
        "height": 43,
        "width": 35
    },
    {
        "text": "JAN,",
        "top": 301,
        "left": 1415,
        "height": 43,
        "width": 70
    },
    {
        "text": "2020",
        "top": 301,
        "left": 1493,
        "height": 43,
        "width": 70
    },
    {
        "text": "INSTRUCTIONS",
        "top": 399,
        "left": 1004,
        "height": 43,
        "width": 248
    },
    {
        "text": "Payment",
        "top": 453,
        "left": 1004,
        "height": 43,
        "width": 142
    },
    {
        "text": "30",
        "top": 453,
        "left": 1154,
        "height": 43,
        "width": 35
    },
    {
        "text": "days",
        "top": 453,
        "left": 1197,
        "height": 43,
        "width": 74
    },
    {
        "text": "after",
        "top": 453,
        "left": 1280,
        "height": 43,
        "width": 79
    },
    {
        "text": "invoice",
        "top": 453,
        "left": 1366,
        "height": 43,
        "width": 117
    },
    {
        "text": "date",
        "top": 453,
        "left": 1491,
        "height": 43,
        "width": 71
    },
    {
        "text": "UNIT",
        "top": 632,
        "left": 1094,
        "height": 43,
        "width": 83
    },
    {
        "text": "PRICE",
        "top": 632,
        "left": 1185,
        "height": 43,
        "width": 97
    },
    {
        "text": "3.29",
        "top": 696,
        "left": 1220,
        "height": 43,
        "width": 62
    },
    {
        "text": "3.75",
        "top": 760,
        "left": 1220,
        "height": 43,
        "width": 62
    },
    {
        "text": "7.95",
        "top": 823,
        "left": 1220,
        "height": 43,
        "width": 62
    },
    {
        "text": "7.08",
        "top": 887,
        "left": 1220,
        "height": 43,
        "width": 62
    },
    {
        "text": "4.15",
        "top": 951,
        "left": 1220,
        "height": 43,
        "width": 62
    },
    {
        "text": "4.25",
        "top": 1015,
        "left": 1220,
        "height": 43,
        "width": 62
    },
    {
        "text": "0.85",
        "top": 1079,
        "left": 1220,
        "height": 43,
        "width": 62
    },
    {
        "text": "1.63",
        "top": 1143,
        "left": 1220,
        "height": 43,
        "width": 62
    },
    {
        "text": "2.95",
        "top": 1207,
        "left": 1220,
        "height": 43,
        "width": 62
    },
    {
        "text": "TOTAL",
        "top": 632,
        "left": 1453,
        "height": 43,
        "width": 110
    },
    {
        "text": "32.90",
        "top": 696,
        "left": 1483,
        "height": 43,
        "width": 80
    },
    {
        "text": "33.75",
        "top": 760,
        "left": 1483,
        "height": 43,
        "width": 80
    },
    {
        "text": "63.60",
        "top": 823,
        "left": 1483,
        "height": 43,
        "width": 80
    },
    {
        "text": "42.48",
        "top": 887,
        "left": 1483,
        "height": 43,
        "width": 80
    },
    {
        "text": "33.20",
        "top": 951,
        "left": 1483,
        "height": 43,
        "width": 80
    },
    {
        "text": "42.50",
        "top": 1015,
        "left": 1483,
        "height": 43,
        "width": 80
    },
    {
        "text": "6.80",
        "top": 1079,
        "left": 1501,
        "height": 43,
        "width": 62
    },
    {
        "text": "14.67",
        "top": 1143,
        "left": 1483,
        "height": 43,
        "width": 80
    },
    {
        "text": "23.60",
        "top": 1207,
        "left": 1483,
        "height": 43,
        "width": 80
    },
    {
        "text": "293.50",
        "top": 1590,
        "left": 1466,
        "height": 43,
        "width": 97
    },
    {
        "text": "35.81",
        "top": 1654,
        "left": 1483,
        "height": 43,
        "width": 80
    },
    {
        "text": "3.49",
        "top": 1718,
        "left": 1501,
        "height": 43,
        "width": 62
    },
    {
        "text": "$",
        "top": 1782,
        "left": 1440,
        "height": 43,
        "width": 18
    },
    {
        "text": "332.80",
        "top": 1782,
        "left": 1466,
        "height": 43,
        "width": 97
    },
    {
        "text": "Thank",
        "top": 1901,
        "left": 670,
        "height": 43,
        "width": 102
    },
    {
        "text": "you",
        "top": 1901,
        "left": 780,
        "height": 43,
        "width": 59
    },
    {
        "text": "for",
        "top": 1901,
        "left": 847,
        "height": 43,
        "width": 48
    },
    {
        "text": "your",
        "top": 1901,
        "left": 903,
        "height": 43,
        "width": 76
    },
    {
        "text": "business!",
        "top": 1901,
        "left": 986,
        "height": 43,
        "width": 151
    }
]