[
    {
        "tag": "buyer.bill.address",
        "value": "71362 Cline Crossroad Apt. 413\nBrookschester, NM 77415",
        "top": 497,
        "left": 125,
        "height": 125,
        "width": 516
    },
    {
        "tag": "buyer.bill.contact",
        "value": "Jose Rice",
        "top": 446,
        "left": 125,
        "height": 51,
        "width": 516
    },
    {
        "tag": "buyer.shipment.address",
        "value": "46400 Kathryn Loop\nSmithport, NJ 29678",
        "top": 497,
        "left": 642,
        "height": 125,
        "width": 349
    },
    {
        "tag": "buyer.shipment.contact",
        "value": "Ronald Parker",
        "top": 446,
        "left": 642,
        "height": 51,
        "width": 349
    },
    {
        "tag": "invoice_date",
        "value": "23 Jan, 2020",
        "top": 288,
        "left": 850,
        "height": 69,
        "width": 724
    },
    {
        "tag": "invoice_number",
        "value": "#447295",
        "top": 288,
        "left": 125,
        "height": 69,
        "width": 724
    },
    {
        "tag": "payment_terms",
        "value": "Payment 30 days after invoice date",
        "top": 446,
        "left": 992,
        "height": 176,
        "width": 582
    },
    {
        "tag": "products.0.description",
        "value": "Single antique rose hook ivory",
        "top": 686,
        "left": 404,
        "height": 62,
        "width": 609
    },
    {
        "tag": "products.0.quantity",
        "value": "10",
        "top": 686,
        "left": 125,
        "height": 62,
        "width": 278
    },
    {
        "tag": "products.0.total",
        "value": "32.90",
        "top": 686,
        "left": 1294,
        "height": 62,
        "width": 280
    },
    {
        "tag": "products.0.unit_price",
        "value": "3.29",
        "top": 686,
        "left": 1014,
        "height": 62,
        "width": 279
    },
    {
        "tag": "products.1.description",
        "value": "Antique glass pedestal bowl",
        "top": 749,
        "left": 404,
        "height": 63,
        "width": 609
    },
    {
        "tag": "products.1.quantity",
        "value": "9",
        "top": 749,
        "left": 125,
        "height": 63,
        "width": 278
    },
    {
        "tag": "products.1.total",
        "value": "33.75",
        "top": 749,
        "left": 1294,
        "height": 63,
        "width": 280
    },
    {
        "tag": "products.1.unit_price",
        "value": "3.75",
        "top": 749,
        "left": 1014,
        "height": 63,
        "width": 279
    },
    {
        "tag": "products.2.description",
        "value": "Doormat new england",
        "top": 813,
        "left": 404,
        "height": 63,
        "width": 609
    },
    {
        "tag": "products.2.quantity",
        "value": "8",
        "top": 813,
        "left": 125,
        "height": 63,
        "width": 278
    },
    {
        "tag": "products.2.total",
        "value": "63.60",
        "top": 813,
        "left": 1294,
        "height": 63,
        "width": 280
    },
    {
        "tag": "products.2.unit_price",
        "value": "7.95",
        "top": 813,
        "left": 1014,
        "height": 63,
        "width": 279
    },
    {
        "tag": "products.3.description",
        "value": "Doormat welcome to our home",
        "top": 877,
        "left": 404,
        "height": 63,
        "width": 609
    },
    {
        "tag": "products.3.quantity",
        "value": "6",
        "top": 877,
        "left": 125,
        "height": 63,
        "width": 278
    },
    {
        "tag": "products.3.total",
        "value": "42.48",
        "top": 877,
        "left": 1294,
        "height": 63,
        "width": 280
    },
    {
        "tag": "products.3.unit_price",
        "value": "7.08",
        "top": 877,
        "left": 1014,
        "height": 63,
        "width": 279
    },
    {
        "tag": "products.4.description",
        "value": "Heart shaped holly wreath",
        "top": 941,
        "left": 404,
        "height": 63,
        "width": 609
    },
    {
        "tag": "products.4.quantity",
        "value": "8",
        "top": 941,
        "left": 125,
        "height": 63,
        "width": 278
    },
    {
        "tag": "products.4.total",
        "value": "33.20",
        "top": 941,
        "left": 1294,
        "height": 63,
        "width": 280
    },
    {
        "tag": "products.4.unit_price",
        "value": "4.15",
        "top": 941,
        "left": 1014,
        "height": 63,
        "width": 279
    },
    {
        "tag": "products.5.description",
        "value": "Jam making set with jars",
        "top": 1005,
        "left": 404,
        "height": 63,
        "width": 609
    },
    {
        "tag": "products.5.quantity",
        "value": "10",
        "top": 1005,
        "left": 125,
        "height": 63,
        "width": 278
    },
    {
        "tag": "products.5.total",
        "value": "42.50",
        "top": 1005,
        "left": 1294,
        "height": 63,
        "width": 280
    },
    {
        "tag": "products.5.unit_price",
        "value": "4.25",
        "top": 1005,
        "left": 1014,
        "height": 63,
        "width": 279
    },
    {
        "tag": "products.6.description",
        "value": "Charlotte bag suki design",
        "top": 1069,
        "left": 404,
        "height": 63,
        "width": 609
    },
    {
        "tag": "products.6.quantity",
        "value": "8",
        "top": 1069,
        "left": 125,
        "height": 63,
        "width": 278
    },
    {
        "tag": "products.6.total",
        "value": "6.80",
        "top": 1069,
        "left": 1294,
        "height": 63,
        "width": 280
    },
    {
        "tag": "products.6.unit_price",
        "value": "0.85",
        "top": 1069,
        "left": 1014,
        "height": 63,
        "width": 279
    },
    {
        "tag": "products.7.description",
        "value": "Scotties childrens apron",
        "top": 1133,
        "left": 404,
        "height": 63,
        "width": 609
    },
    {
        "tag": "products.7.quantity",
        "value": "9",
        "top": 1133,
        "left": 125,
        "height": 63,
        "width": 278
    },
    {
        "tag": "products.7.total",
        "value": "14.67",
        "top": 1133,
        "left": 1294,
        "height": 63,
        "width": 280
    },
    {
        "tag": "products.7.unit_price",
        "value": "1.63",
        "top": 1133,
        "left": 1014,
        "height": 63,
        "width": 279
    },
    {
        "tag": "products.8.description",
        "value": "Wooden frame antique white ",
        "top": 1197,
        "left": 404,
        "height": 62,
        "width": 609
    },
    {
        "tag": "products.8.quantity",
        "value": "8",
        "top": 1197,
        "left": 125,
        "height": 62,
        "width": 278
    },
    {
        "tag": "products.8.total",
        "value": "23.60",
        "top": 1197,
        "left": 1294,
        "height": 62,
        "width": 280
    },
    {
        "tag": "products.8.unit_price",
        "value": "2.95",
        "top": 1197,
        "left": 1014,
        "height": 62,
        "width": 279
    },
    {
        "tag": "seller.address",
        "value": "89628 Frazier Plaza Suite 187\nMichaelland, OK 92006",
        "top": 160,
        "left": 125,
        "height": 61,
        "width": 590
    },
    {
        "tag": "seller.company.name",
        "value": "Harrington, Kline and Butler",
        "top": 125,
        "left": 125,
        "height": 35,
        "width": 590
    },
    {
        "tag": "seller.fax_number",
        "value": "+32496-087705",
        "top": 221,
        "left": 391,
        "height": 66,
        "width": 324
    },
    {
        "tag": "seller.phone_number",
        "value": "+1-622-304-8437x75363",
        "top": 221,
        "left": 125,
        "height": 66,
        "width": 266
    },
    {
        "tag": "summary.balance",
        "value": "$ 332.80",
        "top": 1771,
        "left": 983,
        "height": 63,
        "width": 591
    },
    {
        "tag": "summary.shipping.price",
        "value": "3.49",
        "top": 1708,
        "left": 983,
        "height": 62,
        "width": 591
    },
    {
        "tag": "summary.subtotal",
        "value": "293.50",
        "top": 1581,
        "left": 983,
        "height": 62,
        "width": 591
    },
    {
        "tag": "summary.tax_total",
        "value": "35.81",
        "top": 1644,
        "left": 983,
        "height": 63,
        "width": 591
    }
]