[
    {
        "text": "Bates,",
        "top": 175,
        "left": 92,
        "height": 46,
        "width": 103
    },
    {
        "text": "Ross",
        "top": 175,
        "left": 205,
        "height": 46,
        "width": 82
    },
    {
        "text": "and",
        "top": 175,
        "left": 296,
        "height": 46,
        "width": 64
    },
    {
        "text": "Rivas",
        "top": 175,
        "left": 369,
        "height": 46,
        "width": 99
    },
    {
        "text": "3747",
        "top": 225,
        "left": 92,
        "height": 46,
        "width": 75
    },
    {
        "text": "Jonathan",
        "top": 225,
        "left": 176,
        "height": 46,
        "width": 163
    },
    {
        "text": "Wall",
        "top": 225,
        "left": 348,
        "height": 46,
        "width": 82
    },
    {
        "text": "Suite",
        "top": 225,
        "left": 438,
        "height": 46,
        "width": 89
    },
    {
        "text": "967",
        "top": 225,
        "left": 536,
        "height": 46,
        "width": 58
    },
    {
        "text": "Anthonytown,",
        "top": 273,
        "left": 92,
        "height": 46,
        "width": 247
    },
    {
        "text": "VA",
        "top": 273,
        "left": 348,
        "height": 46,
        "width": 48
    },
    {
        "text": "32287",
        "top": 273,
        "left": 405,
        "height": 46,
        "width": 93
    },
    {
        "text": "564-407-5152x183",
        "top": 344,
        "left": 92,
        "height": 46,
        "width": 298
    },
    {
        "text": "jacobcastillo@mason.com",
        "top": 417,
        "left": 92,
        "height": 46,
        "width": 445
    },
    {
        "text": "allen-padilla.com",
        "top": 467,
        "left": 92,
        "height": 46,
        "width": 297
    },
    {
        "text": "James,",
        "top": 175,
        "left": 1122,
        "height": 46,
        "width": 122
    },
    {
        "text": "Maxwell",
        "top": 175,
        "left": 1253,
        "height": 46,
        "width": 155
    },
    {
        "text": "and",
        "top": 175,
        "left": 1416,
        "height": 46,
        "width": 64
    },
    {
        "text": "Graves",
        "top": 175,
        "left": 1489,
        "height": 46,
        "width": 120
    },
    {
        "text": "Jacqueline",
        "top": 248,
        "left": 1308,
        "height": 46,
        "width": 187
    },
    {
        "text": "Miller",
        "top": 248,
        "left": 1503,
        "height": 46,
        "width": 105
    },
    {
        "text": "2759",
        "top": 321,
        "left": 1245,
        "height": 46,
        "width": 75
    },
    {
        "text": "Jimmy",
        "top": 321,
        "left": 1328,
        "height": 46,
        "width": 123
    },
    {
        "text": "Skyway",
        "top": 321,
        "left": 1460,
        "height": 46,
        "width": 142
    },
    {
        "text": "Port",
        "top": 369,
        "left": 1147,
        "height": 46,
        "width": 73
    },
    {
        "text": "Michaelfort,",
        "top": 369,
        "left": 1228,
        "height": 46,
        "width": 215
    },
    {
        "text": "VT",
        "top": 369,
        "left": 1453,
        "height": 46,
        "width": 51
    },
    {
        "text": "64380",
        "top": 369,
        "left": 1512,
        "height": 46,
        "width": 97
    },
    {
        "text": "951-309-4099x57713",
        "top": 417,
        "left": 1274,
        "height": 46,
        "width": 335
    },
    {
        "text": "heather81@bush-bates.com",
        "top": 467,
        "left": 1137,
        "height": 46,
        "width": 472
    },
    {
        "text": "Invoice",
        "top": 629,
        "left": 95,
        "height": 46,
        "width": 129
    },
    {
        "text": "Number:",
        "top": 629,
        "left": 232,
        "height": 46,
        "width": 147
    },
    {
        "text": "#156226",
        "top": 629,
        "left": 425,
        "height": 46,
        "width": 134
    },
    {
        "text": "Issue",
        "top": 629,
        "left": 627,
        "height": 46,
        "width": 91
    },
    {
        "text": "Date:",
        "top": 629,
        "left": 727,
        "height": 46,
        "width": 85
    },
    {
        "text": "18",
        "top": 629,
        "left": 874,
        "height": 46,
        "width": 35
    },
    {
        "text": "Dec,",
        "top": 629,
        "left": 918,
        "height": 46,
        "width": 72
    },
    {
        "text": "2020",
        "top": 629,
        "left": 999,
        "height": 46,
        "width": 78
    },
    {
        "text": "Expiry",
        "top": 629,
        "left": 1127,
        "height": 46,
        "width": 123
    },
    {
        "text": "Date:",
        "top": 629,
        "left": 1258,
        "height": 46,
        "width": 85
    },
    {
        "text": "17",
        "top": 629,
        "left": 1392,
        "height": 46,
        "width": 35
    },
    {
        "text": "Jan,",
        "top": 629,
        "left": 1436,
        "height": 46,
        "width": 74
    },
    {
        "text": "2021",
        "top": 629,
        "left": 1519,
        "height": 46,
        "width": 74
    },
    {
        "text": "Item",
        "top": 808,
        "left": 139,
        "height": 46,
        "width": 76
    },
    {
        "text": "#",
        "top": 808,
        "left": 224,
        "height": 46,
        "width": 20
    },
    {
        "text": "Description",
        "top": 808,
        "left": 499,
        "height": 46,
        "width": 201
    },
    {
        "text": "Quantity",
        "top": 808,
        "left": 930,
        "height": 46,
        "width": 152
    },
    {
        "text": "Unit",
        "top": 808,
        "left": 1153,
        "height": 46,
        "width": 75
    },
    {
        "text": "Price",
        "top": 808,
        "left": 1236,
        "height": 46,
        "width": 89
    },
    {
        "text": "122",
        "top": 896,
        "left": 166,
        "height": 46,
        "width": 55
    },
    {
        "text": "7985",
        "top": 985,
        "left": 155,
        "height": 46,
        "width": 75
    },
    {
        "text": "4038",
        "top": 1073,
        "left": 154,
        "height": 46,
        "width": 77
    },
    {
        "text": "6176",
        "top": 1160,
        "left": 154,
        "height": 46,
        "width": 76
    },
    {
        "text": "4016",
        "top": 1248,
        "left": 154,
        "height": 46,
        "width": 76
    },
    {
        "text": "5013",
        "top": 1335,
        "left": 155,
        "height": 46,
        "width": 75
    },
    {
        "text": "Classic",
        "top": 896,
        "left": 391,
        "height": 46,
        "width": 123
    },
    {
        "text": "Glass",
        "top": 896,
        "left": 522,
        "height": 46,
        "width": 93
    },
    {
        "text": "Cookie",
        "top": 896,
        "left": 624,
        "height": 46,
        "width": 118
    },
    {
        "text": "Jar",
        "top": 896,
        "left": 751,
        "height": 46,
        "width": 57
    },
    {
        "text": "Lunch",
        "top": 985,
        "left": 404,
        "height": 46,
        "width": 107
    },
    {
        "text": "Bag",
        "top": 985,
        "left": 521,
        "height": 46,
        "width": 65
    },
    {
        "text": "Black",
        "top": 985,
        "left": 594,
        "height": 46,
        "width": 96
    },
    {
        "text": "Skull.",
        "top": 985,
        "left": 698,
        "height": 46,
        "width": 98
    },
    {
        "text": "Red",
        "top": 1073,
        "left": 423,
        "height": 46,
        "width": 64
    },
    {
        "text": "Polkadot",
        "top": 1073,
        "left": 496,
        "height": 46,
        "width": 152
    },
    {
        "text": "Beaker",
        "top": 1073,
        "left": 656,
        "height": 46,
        "width": 119
    },
    {
        "text": "Hanging",
        "top": 1160,
        "left": 322,
        "height": 46,
        "width": 148
    },
    {
        "text": "Photo",
        "top": 1160,
        "left": 478,
        "height": 46,
        "width": 99
    },
    {
        "text": "Clip",
        "top": 1160,
        "left": 586,
        "height": 46,
        "width": 67
    },
    {
        "text": "Rope",
        "top": 1160,
        "left": 663,
        "height": 46,
        "width": 87
    },
    {
        "text": "Ladder",
        "top": 1160,
        "left": 759,
        "height": 46,
        "width": 117
    },
    {
        "text": "Lunch",
        "top": 1248,
        "left": 384,
        "height": 46,
        "width": 107
    },
    {
        "text": "Bag",
        "top": 1248,
        "left": 501,
        "height": 46,
        "width": 65
    },
    {
        "text": "Red",
        "top": 1248,
        "left": 574,
        "height": 46,
        "width": 64
    },
    {
        "text": "Retrospot",
        "top": 1248,
        "left": 647,
        "height": 46,
        "width": 169
    },
    {
        "text": "Heart",
        "top": 1335,
        "left": 354,
        "height": 46,
        "width": 96
    },
    {
        "text": "Garland",
        "top": 1335,
        "left": 458,
        "height": 46,
        "width": 135
    },
    {
        "text": "Rustic",
        "top": 1335,
        "left": 602,
        "height": 46,
        "width": 110
    },
    {
        "text": "Padded",
        "top": 1335,
        "left": 721,
        "height": 46,
        "width": 125
    },
    {
        "text": "9",
        "top": 896,
        "left": 997,
        "height": 46,
        "width": 19
    },
    {
        "text": "9",
        "top": 985,
        "left": 997,
        "height": 46,
        "width": 19
    },
    {
        "text": "10",
        "top": 1073,
        "left": 987,
        "height": 46,
        "width": 37
    },
    {
        "text": "8",
        "top": 1160,
        "left": 997,
        "height": 46,
        "width": 19
    },
    {
        "text": "9",
        "top": 1248,
        "left": 997,
        "height": 46,
        "width": 19
    },
    {
        "text": "10",
        "top": 1335,
        "left": 987,
        "height": 46,
        "width": 37
    },
    {
        "text": "8.29",
        "top": 896,
        "left": 1207,
        "height": 46,
        "width": 65
    },
    {
        "text": "1.65",
        "top": 985,
        "left": 1207,
        "height": 46,
        "width": 64
    },
    {
        "text": "0.39",
        "top": 1073,
        "left": 1206,
        "height": 46,
        "width": 67
    },
    {
        "text": "3.29",
        "top": 1160,
        "left": 1207,
        "height": 46,
        "width": 65
    },
    {
        "text": "4.96",
        "top": 1248,
        "left": 1206,
        "height": 46,
        "width": 65
    },
    {
        "text": "3.29",
        "top": 1335,
        "left": 1207,
        "height": 46,
        "width": 65
    },
    {
        "text": "Total",
        "top": 808,
        "left": 1450,
        "height": 46,
        "width": 86
    },
    {
        "text": "74.61",
        "top": 896,
        "left": 1451,
        "height": 46,
        "width": 83
    },
    {
        "text": "14.85",
        "top": 985,
        "left": 1452,
        "height": 46,
        "width": 81
    },
    {
        "text": "3.90",
        "top": 1073,
        "left": 1459,
        "height": 46,
        "width": 66
    },
    {
        "text": "26.32",
        "top": 1160,
        "left": 1450,
        "height": 46,
        "width": 86
    },
    {
        "text": "44.64",
        "top": 1248,
        "left": 1450,
        "height": 46,
        "width": 86
    },
    {
        "text": "32.90",
        "top": 1335,
        "left": 1450,
        "height": 46,
        "width": 84
    },
    {
        "text": "Subtotal",
        "top": 1629,
        "left": 1201,
        "height": 46,
        "width": 144
    },
    {
        "text": "Tax",
        "top": 1679,
        "left": 1278,
        "height": 46,
        "width": 65
    },
    {
        "text": "197.22",
        "top": 1629,
        "left": 1443,
        "height": 46,
        "width": 101
    },
    {
        "text": "3.55",
        "top": 1679,
        "left": 1461,
        "height": 46,
        "width": 64
    },
    {
        "text": "TOTAL",
        "top": 1776,
        "left": 1149,
        "height": 76,
        "width": 196
    },
    {
        "text": "$",
        "top": 1794,
        "left": 1375,
        "height": 43,
        "width": 17
    },
    {
        "text": "200.77",
        "top": 1794,
        "left": 1402,
        "height": 43,
        "width": 101
    }
]