[
    {
        "tag": "buyer.bill.address",
        "value": "2759 Jimmy Skyway\nPort Michaelfort, VT 64380",
        "top": 321,
        "left": 850,
        "height": 95,
        "width": 774
    },
    {
        "tag": "buyer.bill.contact",
        "value": "Jacqueline Miller",
        "top": 226,
        "left": 850,
        "height": 94,
        "width": 774
    },
    {
        "tag": "buyer.bill.email",
        "value": "heather81@bush-bates.com",
        "top": 467,
        "left": 850,
        "height": 49,
        "width": 774
    },
    {
        "tag": "buyer.bill.phone_number",
        "value": "951-309-4099x57713",
        "top": 417,
        "left": 850,
        "height": 49,
        "width": 774
    },
    {
        "tag": "buyer.company.name",
        "value": "James, Maxwell and Graves",
        "top": 176,
        "left": 850,
        "height": 49,
        "width": 774
    },
    {
        "tag": "invoice_date",
        "value": "18 Dec, 2020",
        "top": 613,
        "left": 848,
        "height": 78,
        "width": 255
    },
    {
        "tag": "invoice_due_date",
        "value": "17 Jan, 2021",
        "top": 613,
        "left": 1365,
        "height": 78,
        "width": 257
    },
    {
        "tag": "invoice_number",
        "value": "#156226",
        "top": 613,
        "left": 396,
        "height": 78,
        "width": 193
    },
    {
        "tag": "products.0.description",
        "value": "Classic Glass Cookie Jar",
        "top": 877,
        "left": 307,
        "height": 87,
        "width": 586
    },
    {
        "tag": "products.0.id",
        "value": "122",
        "top": 877,
        "left": 78,
        "height": 87,
        "width": 228
    },
    {
        "tag": "products.0.quantity",
        "value": "9",
        "top": 877,
        "left": 894,
        "height": 87,
        "width": 224
    },
    {
        "tag": "products.0.total",
        "value": "74.61",
        "top": 877,
        "left": 1361,
        "height": 87,
        "width": 263
    },
    {
        "tag": "products.0.unit_price",
        "value": "8.29",
        "top": 877,
        "left": 1119,
        "height": 87,
        "width": 241
    },
    {
        "tag": "products.1.description",
        "value": "Lunch Bag  Black Skull.",
        "top": 965,
        "left": 307,
        "height": 86,
        "width": 586
    },
    {
        "tag": "products.1.id",
        "value": "7985",
        "top": 965,
        "left": 78,
        "height": 86,
        "width": 228
    },
    {
        "tag": "products.1.quantity",
        "value": "9",
        "top": 965,
        "left": 894,
        "height": 86,
        "width": 224
    },
    {
        "tag": "products.1.total",
        "value": "14.85",
        "top": 965,
        "left": 1361,
        "height": 86,
        "width": 263
    },
    {
        "tag": "products.1.unit_price",
        "value": "1.65",
        "top": 965,
        "left": 1119,
        "height": 86,
        "width": 241
    },
    {
        "tag": "products.2.description",
        "value": "Red Polkadot Beaker ",
        "top": 1052,
        "left": 307,
        "height": 87,
        "width": 586
    },
    {
        "tag": "products.2.id",
        "value": "4038",
        "top": 1052,
        "left": 78,
        "height": 87,
        "width": 228
    },
    {
        "tag": "products.2.quantity",
        "value": "10",
        "top": 1052,
        "left": 894,
        "height": 87,
        "width": 224
    },
    {
        "tag": "products.2.total",
        "value": "3.90",
        "top": 1052,
        "left": 1361,
        "height": 87,
        "width": 263
    },
    {
        "tag": "products.2.unit_price",
        "value": "0.39",
        "top": 1052,
        "left": 1119,
        "height": 87,
        "width": 241
    },
    {
        "tag": "products.3.description",
        "value": "Hanging Photo Clip Rope Ladder",
        "top": 1140,
        "left": 307,
        "height": 86,
        "width": 586
    },
    {
        "tag": "products.3.id",
        "value": "6176",
        "top": 1140,
        "left": 78,
        "height": 86,
        "width": 228
    },
    {
        "tag": "products.3.quantity",
        "value": "8",
        "top": 1140,
        "left": 894,
        "height": 86,
        "width": 224
    },
    {
        "tag": "products.3.total",
        "value": "26.32",
        "top": 1140,
        "left": 1361,
        "height": 86,
        "width": 263
    },
    {
        "tag": "products.3.unit_price",
        "value": "3.29",
        "top": 1140,
        "left": 1119,
        "height": 86,
        "width": 241
    },
    {
        "tag": "products.4.description",
        "value": "Lunch Bag Red Retrospot",
        "top": 1227,
        "left": 307,
        "height": 87,
        "width": 586
    },
    {
        "tag": "products.4.id",
        "value": "4016",
        "top": 1227,
        "left": 78,
        "height": 87,
        "width": 228
    },
    {
        "tag": "products.4.quantity",
        "value": "9",
        "top": 1227,
        "left": 894,
        "height": 87,
        "width": 224
    },
    {
        "tag": "products.4.total",
        "value": "44.64",
        "top": 1227,
        "left": 1361,
        "height": 87,
        "width": 263
    },
    {
        "tag": "products.4.unit_price",
        "value": "4.96",
        "top": 1227,
        "left": 1119,
        "height": 87,
        "width": 241
    },
    {
        "tag": "products.5.description",
        "value": "Heart Garland Rustic Padded",
        "top": 1315,
        "left": 307,
        "height": 86,
        "width": 586
    },
    {
        "tag": "products.5.id",
        "value": "5013",
        "top": 1315,
        "left": 78,
        "height": 86,
        "width": 228
    },
    {
        "tag": "products.5.quantity",
        "value": "10",
        "top": 1315,
        "left": 894,
        "height": 86,
        "width": 224
    },
    {
        "tag": "products.5.total",
        "value": "32.90",
        "top": 1315,
        "left": 1361,
        "height": 86,
        "width": 263
    },
    {
        "tag": "products.5.unit_price",
        "value": "3.29",
        "top": 1315,
        "left": 1119,
        "height": 86,
        "width": 241
    },
    {
        "tag": "seller.address",
        "value": "3747 Jonathan Wall Suite 967\nAnthonytown, VA 32287",
        "top": 226,
        "left": 78,
        "height": 94,
        "width": 771
    },
    {
        "tag": "seller.company.name",
        "value": "Bates, Ross and Rivas",
        "top": 176,
        "left": 78,
        "height": 49,
        "width": 771
    },
    {
        "tag": "seller.email",
        "value": "jacobcastillo@mason.com",
        "top": 417,
        "left": 78,
        "height": 49,
        "width": 771
    },
    {
        "tag": "seller.phone_number",
        "value": "564-407-5152x183",
        "top": 321,
        "left": 78,
        "height": 95,
        "width": 771
    },
    {
        "tag": "seller.website",
        "value": "allen-padilla.com",
        "top": 467,
        "left": 78,
        "height": 49,
        "width": 771
    },
    {
        "tag": "summary.balance",
        "value": "$ 200.77",
        "top": 1777,
        "left": 1361,
        "height": 76,
        "width": 263
    },
    {
        "tag": "summary.subtotal",
        "value": "197.22",
        "top": 1627,
        "left": 1361,
        "height": 49,
        "width": 263
    },
    {
        "tag": "summary.tax_total",
        "value": "3.55",
        "top": 1677,
        "left": 1361,
        "height": 49,
        "width": 263
    }
]