{
    "invoice": {
        "template": "templates/Invoice_47.htm",
        "logo": "logos/LLD-logo-files/myrealtrip.png",
        "font": "fonts/Montserrat/Montserrat-ExtraBoldItalic.ttf",
        "dpi": 200,
        "color_map": {
            "#3B3838": "#3b3938",
            "#C1C1C1": "#c1c1c1",
            "#002060": "#600058"
        },
        "font_scale": 1.1876087394729908,
        "margin": 15
    },
    "warping": {
        "environment": "environments/IndoorHDRDataset2018/9C4A2068-53a05ccefa.exr",
        "mesh": "meshes/objs/P/771_2.obj",
        "resolution": 1600
    }
}