{
    "buyer": {
        "bill": {
            "address": {
                "city": {
                    "city_name": "North Joel",
                    "postcode": "37518",
                    "state_abbr": "IL"
                },
                "street": {
                    "building_number": "9993",
                    "secondary_address": "Suite 788",
                    "street_name": "Garcia Extension"
                }
            },
            "contact": {
                "first_name": "Jonathan",
                "last_name": "Riley"
            },
            "email": "roberta79@hunter.com",
            "phone_number": {
                "country_code": 1,
                "national_number": 4243884334
            }
        },
        "company": {
            "name": "Garcia-Nelson"
        }
    },
    "invoice_date": {
        "day": 9,
        "month": 2,
        "year": 2017
    },
    "invoice_due_date": null,
    "invoice_number": 955133,
    "products": {
        "0": {
            "description": "Recipe Box Pantry Yellow Design",
            "id": 1626,
            "quantity": 7,
            "total": 20.65,
            "unit_price": 2.95
        },
        "1": {
            "description": "Set Of 12 Mini Loaf Baking Cases",
            "id": 4406,
            "quantity": 6,
            "total": 4.98,
            "unit_price": 0.83
        },
        "2": {
            "description": "Lunch Bag Dolly Girl Design",
            "id": 8221,
            "quantity": 6,
            "total": 9.9,
            "unit_price": 1.65
        }
    },
    "seller": {
        "address": {
            "city": {
                "city_name": "West Michaelfort",
                "postcode": "92194",
                "state_abbr": "UT"
            },
            "street": {
                "building_number": "61656",
                "secondary_address": "Apt. 446",
                "street_name": "Haley Turnpike"
            }
        },
        "company": {
            "name": "Berger, Reed and Gutierrez"
        },
        "email": "rebeccawhite@martinez.com",
        "phone_number": {
            "country_code": 1,
            "national_number": 8487019443
        },
        "website": "woodward-warner.com"
    },
    "summary": {
        "balance": 41.18,
        "subtotal": 35.53,
        "tax_total": 5.65
    }
}