[
    {
        "text": "Thompson",
        "top": 129,
        "left": 148,
        "height": 44,
        "width": 175
    },
    {
        "text": "Ltd",
        "top": 129,
        "left": 332,
        "height": 44,
        "width": 52
    },
    {
        "text": "Operative",
        "top": 164,
        "left": 146,
        "height": 31,
        "width": 122
    },
    {
        "text": "non-volatile",
        "top": 164,
        "left": 268,
        "height": 31,
        "width": 151
    },
    {
        "text": "concept",
        "top": 164,
        "left": 419,
        "height": 31,
        "width": 98
    },
    {
        "text": "89311",
        "top": 216,
        "left": 148,
        "height": 31,
        "width": 60
    },
    {
        "text": "Alexander",
        "top": 216,
        "left": 216,
        "height": 31,
        "width": 120
    },
    {
        "text": "Village",
        "top": 216,
        "left": 344,
        "height": 31,
        "width": 82
    },
    {
        "text": "Suite",
        "top": 216,
        "left": 434,
        "height": 31,
        "width": 60
    },
    {
        "text": "959",
        "top": 216,
        "left": 502,
        "height": 31,
        "width": 39
    },
    {
        "text": "West",
        "top": 241,
        "left": 148,
        "height": 31,
        "width": 60
    },
    {
        "text": "Ryan,",
        "top": 241,
        "left": 215,
        "height": 31,
        "width": 65
    },
    {
        "text": "IL",
        "top": 241,
        "left": 287,
        "height": 31,
        "width": 22
    },
    {
        "text": "39483",
        "top": 241,
        "left": 316,
        "height": 31,
        "width": 65
    },
    {
        "text": "Phone",
        "top": 266,
        "left": 148,
        "height": 31,
        "width": 70
    },
    {
        "text": "+91",
        "top": 266,
        "left": 226,
        "height": 31,
        "width": 36
    },
    {
        "text": "252",
        "top": 266,
        "left": 270,
        "height": 31,
        "width": 39
    },
    {
        "text": "8276816",
        "top": 266,
        "left": 316,
        "height": 31,
        "width": 89
    },
    {
        "text": "Fax",
        "top": 266,
        "left": 426,
        "height": 31,
        "width": 43
    },
    {
        "text": "1-402-448-6325x048",
        "top": 266,
        "left": 476,
        "height": 31,
        "width": 222
    },
    {
        "text": "TO:",
        "top": 374,
        "left": 148,
        "height": 29,
        "width": 39
    },
    {
        "text": "Kelly",
        "top": 406,
        "left": 148,
        "height": 31,
        "width": 62
    },
    {
        "text": "Smith",
        "top": 406,
        "left": 218,
        "height": 31,
        "width": 69
    },
    {
        "text": "Sanford-Smith",
        "top": 431,
        "left": 148,
        "height": 31,
        "width": 169
    },
    {
        "text": "3292",
        "top": 456,
        "left": 148,
        "height": 31,
        "width": 52
    },
    {
        "text": "Conner",
        "top": 456,
        "left": 207,
        "height": 31,
        "width": 81
    },
    {
        "text": "Way",
        "top": 456,
        "left": 296,
        "height": 31,
        "width": 53
    },
    {
        "text": "Suite",
        "top": 456,
        "left": 357,
        "height": 31,
        "width": 60
    },
    {
        "text": "853",
        "top": 456,
        "left": 425,
        "height": 31,
        "width": 39
    },
    {
        "text": "Port",
        "top": 481,
        "left": 148,
        "height": 31,
        "width": 47
    },
    {
        "text": "Michaelside,",
        "top": 481,
        "left": 203,
        "height": 31,
        "width": 151
    },
    {
        "text": "HI",
        "top": 481,
        "left": 360,
        "height": 31,
        "width": 27
    },
    {
        "text": "50543",
        "top": 481,
        "left": 395,
        "height": 31,
        "width": 65
    },
    {
        "text": "FOR:",
        "top": 374,
        "left": 879,
        "height": 29,
        "width": 54
    },
    {
        "text": "INVOICE",
        "top": 126,
        "left": 1314,
        "height": 74,
        "width": 237
    },
    {
        "text": "INVOICE",
        "top": 303,
        "left": 1327,
        "height": 29,
        "width": 101
    },
    {
        "text": "#",
        "top": 303,
        "left": 1436,
        "height": 29,
        "width": 13
    },
    {
        "text": "#873375",
        "top": 303,
        "left": 1458,
        "height": 29,
        "width": 92
    },
    {
        "text": "DATE:",
        "top": 326,
        "left": 1355,
        "height": 29,
        "width": 69
    },
    {
        "text": "06/03/1994",
        "top": 326,
        "left": 1431,
        "height": 29,
        "width": 119
    },
    {
        "text": "DESCRIPTION",
        "top": 609,
        "left": 413,
        "height": 29,
        "width": 164
    },
    {
        "text": "HOURS",
        "top": 609,
        "left": 932,
        "height": 29,
        "width": 84
    },
    {
        "text": "RATE",
        "top": 609,
        "left": 1175,
        "height": 29,
        "width": 63
    },
    {
        "text": "AMOUNT",
        "top": 609,
        "left": 1388,
        "height": 29,
        "width": 109
    },
    {
        "text": "Woodland",
        "top": 649,
        "left": 151,
        "height": 31,
        "width": 118
    },
    {
        "text": "Charlotte",
        "top": 649,
        "left": 277,
        "height": 31,
        "width": 106
    },
    {
        "text": "Bag",
        "top": 649,
        "left": 391,
        "height": 31,
        "width": 41
    },
    {
        "text": "Payment:",
        "top": 1356,
        "left": 133,
        "height": 31,
        "width": 106
    },
    {
        "text": "Bill",
        "top": 1356,
        "left": 246,
        "height": 31,
        "width": 40
    },
    {
        "text": "of",
        "top": 1356,
        "left": 295,
        "height": 31,
        "width": 22
    },
    {
        "text": "exchange",
        "top": 1356,
        "left": 324,
        "height": 31,
        "width": 110
    },
    {
        "text": "10",
        "top": 649,
        "left": 890,
        "height": 31,
        "width": 24
    },
    {
        "text": "0.72",
        "top": 649,
        "left": 1246,
        "height": 31,
        "width": 46
    },
    {
        "text": "TOTAL",
        "top": 1322,
        "left": 1227,
        "height": 29,
        "width": 80
    },
    {
        "text": "7.20",
        "top": 649,
        "left": 1488,
        "height": 31,
        "width": 46
    },
    {
        "text": "$",
        "top": 1322,
        "left": 1468,
        "height": 29,
        "width": 12
    },
    {
        "text": "8.09",
        "top": 1322,
        "left": 1488,
        "height": 29,
        "width": 45
    }
]