{
    "invoice": {
        "template": "templates/Invoice_15.htm",
        "logo": "logos/cotogoto.png",
        "font": "fonts/Inter/Inter-SemiBold.ttf",
        "dpi": 200,
        "color_map": {
            "#595959": "#595959",
            "#577188": "#885678",
            "#7E97AD": "#8bad7e",
            "#D9D9D9": "#d9d9d9",
            "#A6A6A6": "#a6a6a6"
        },
        "font_scale": 0.9038866834329451,
        "margin": 12
    },
    "warping": {
        "environment": "environments/AG8A8616-6edd069aa5.exr",
        "mesh": "meshes/objs/C/1/1_411_7.obj",
        "resolution": 1600
    }
}