[
    {
        "tag": "buyer.bill.address.city",
        "value": "West Kimberlybury, OH 35779",
        "top": 539,
        "left": 95,
        "height": 78,
        "width": 403
    },
    {
        "tag": "buyer.bill.address.street",
        "value": "958 Browning Island Suite 779",
        "top": 507,
        "left": 95,
        "height": 32,
        "width": 403
    },
    {
        "tag": "buyer.bill.contact",
        "value": "Michael Mcdonald",
        "top": 468,
        "left": 95,
        "height": 39,
        "width": 403
    },
    {
        "tag": "buyer.shipment.address.city",
        "value": "South Marybury, NC 28465",
        "top": 539,
        "left": 499,
        "height": 78,
        "width": 378
    },
    {
        "tag": "buyer.shipment.address.street",
        "value": "267 Hoover View",
        "top": 507,
        "left": 499,
        "height": 32,
        "width": 378
    },
    {
        "tag": "buyer.shipment.contact",
        "value": "Kyle Rose",
        "top": 468,
        "left": 499,
        "height": 39,
        "width": 378
    },
    {
        "tag": "invoice_date",
        "value": "06 March, 2004",
        "top": 305,
        "left": 851,
        "height": 74,
        "width": 756
    },
    {
        "tag": "invoice_number",
        "value": "#819567",
        "top": 305,
        "left": 95,
        "height": 74,
        "width": 755
    },
    {
        "tag": "payment_terms",
        "value": "Payment terms: Letter of credit",
        "top": 468,
        "left": 878,
        "height": 149,
        "width": 729
    },
    {
        "tag": "products.0.description",
        "value": "Zinc Metal Heart Decoration",
        "top": 672,
        "left": 401,
        "height": 55,
        "width": 589
    },
    {
        "tag": "products.0.quantity",
        "value": "5",
        "top": 672,
        "left": 95,
        "height": 55,
        "width": 305
    },
    {
        "tag": "products.0.total",
        "value": "6.25",
        "top": 672,
        "left": 1300,
        "height": 55,
        "width": 307
    },
    {
        "tag": "products.0.unit_price",
        "value": "1.25",
        "top": 672,
        "left": 991,
        "height": 55,
        "width": 308
    },
    {
        "tag": "products.1.description",
        "value": "72 Sweetheart Fairy Cake Cases",
        "top": 728,
        "left": 401,
        "height": 56,
        "width": 589
    },
    {
        "tag": "products.1.quantity",
        "value": "5",
        "top": 728,
        "left": 95,
        "height": 56,
        "width": 305
    },
    {
        "tag": "products.1.total",
        "value": "6.40",
        "top": 728,
        "left": 1300,
        "height": 56,
        "width": 307
    },
    {
        "tag": "products.1.unit_price",
        "value": "1.28",
        "top": 728,
        "left": 991,
        "height": 56,
        "width": 308
    },
    {
        "tag": "products.10.description",
        "value": "Set Of 3 Cake Tins Pantry Design ",
        "top": 1235,
        "left": 401,
        "height": 55,
        "width": 589
    },
    {
        "tag": "products.10.quantity",
        "value": "1",
        "top": 1235,
        "left": 95,
        "height": 55,
        "width": 305
    },
    {
        "tag": "products.10.total",
        "value": "4.95",
        "top": 1235,
        "left": 1300,
        "height": 55,
        "width": 307
    },
    {
        "tag": "products.10.unit_price",
        "value": "4.95",
        "top": 1235,
        "left": 991,
        "height": 55,
        "width": 308
    },
    {
        "tag": "products.11.description",
        "value": "Frying Pan Union Flag",
        "top": 1291,
        "left": 401,
        "height": 56,
        "width": 589
    },
    {
        "tag": "products.11.quantity",
        "value": "8",
        "top": 1291,
        "left": 95,
        "height": 56,
        "width": 305
    },
    {
        "tag": "products.11.total",
        "value": "34.00",
        "top": 1291,
        "left": 1300,
        "height": 56,
        "width": 307
    },
    {
        "tag": "products.11.unit_price",
        "value": "4.25",
        "top": 1291,
        "left": 991,
        "height": 56,
        "width": 308
    },
    {
        "tag": "products.12.description",
        "value": "Cardholder Gingham Star",
        "top": 1348,
        "left": 401,
        "height": 55,
        "width": 589
    },
    {
        "tag": "products.12.quantity",
        "value": "3",
        "top": 1348,
        "left": 95,
        "height": 55,
        "width": 305
    },
    {
        "tag": "products.12.total",
        "value": "8.67",
        "top": 1348,
        "left": 1300,
        "height": 55,
        "width": 307
    },
    {
        "tag": "products.12.unit_price",
        "value": "2.89",
        "top": 1348,
        "left": 991,
        "height": 55,
        "width": 308
    },
    {
        "tag": "products.2.description",
        "value": "Recipe Box Blue Sketchbook Design",
        "top": 785,
        "left": 401,
        "height": 55,
        "width": 589
    },
    {
        "tag": "products.2.quantity",
        "value": "8",
        "top": 785,
        "left": 95,
        "height": 55,
        "width": 305
    },
    {
        "tag": "products.2.total",
        "value": "23.60",
        "top": 785,
        "left": 1300,
        "height": 55,
        "width": 307
    },
    {
        "tag": "products.2.unit_price",
        "value": "2.95",
        "top": 785,
        "left": 991,
        "height": 55,
        "width": 308
    },
    {
        "tag": "products.3.description",
        "value": "Biscuit Tin 50'S Christmas",
        "top": 841,
        "left": 401,
        "height": 55,
        "width": 589
    },
    {
        "tag": "products.3.quantity",
        "value": "1",
        "top": 841,
        "left": 95,
        "height": 55,
        "width": 305
    },
    {
        "tag": "products.3.total",
        "value": "2.89",
        "top": 841,
        "left": 1300,
        "height": 55,
        "width": 307
    },
    {
        "tag": "products.3.unit_price",
        "value": "2.89",
        "top": 841,
        "left": 991,
        "height": 55,
        "width": 308
    },
    {
        "tag": "products.4.description",
        "value": "Tuscan Villa Feeding Station",
        "top": 897,
        "left": 401,
        "height": 56,
        "width": 589
    },
    {
        "tag": "products.4.quantity",
        "value": "1",
        "top": 897,
        "left": 95,
        "height": 56,
        "width": 305
    },
    {
        "tag": "products.4.total",
        "value": "8.25",
        "top": 897,
        "left": 1300,
        "height": 56,
        "width": 307
    },
    {
        "tag": "products.4.unit_price",
        "value": "8.25",
        "top": 897,
        "left": 991,
        "height": 56,
        "width": 308
    },
    {
        "tag": "products.5.description",
        "value": "Brocante Shelf With Hooks",
        "top": 954,
        "left": 401,
        "height": 55,
        "width": 589
    },
    {
        "tag": "products.5.quantity",
        "value": "9",
        "top": 954,
        "left": 95,
        "height": 55,
        "width": 305
    },
    {
        "tag": "products.5.total",
        "value": "96.75",
        "top": 954,
        "left": 1300,
        "height": 55,
        "width": 307
    },
    {
        "tag": "products.5.unit_price",
        "value": "10.75",
        "top": 954,
        "left": 991,
        "height": 55,
        "width": 308
    },
    {
        "tag": "products.6.description",
        "value": "Paper Chain Kit Empire",
        "top": 1010,
        "left": 401,
        "height": 55,
        "width": 589
    },
    {
        "tag": "products.6.quantity",
        "value": "5",
        "top": 1010,
        "left": 95,
        "height": 55,
        "width": 305
    },
    {
        "tag": "products.6.total",
        "value": "14.75",
        "top": 1010,
        "left": 1300,
        "height": 55,
        "width": 307
    },
    {
        "tag": "products.6.unit_price",
        "value": "2.95",
        "top": 1010,
        "left": 991,
        "height": 55,
        "width": 308
    },
    {
        "tag": "products.7.description",
        "value": "Jumbo Bag Pink Vintage Paisley",
        "top": 1066,
        "left": 401,
        "height": 55,
        "width": 589
    },
    {
        "tag": "products.7.quantity",
        "value": "9",
        "top": 1066,
        "left": 95,
        "height": 55,
        "width": 305
    },
    {
        "tag": "products.7.total",
        "value": "18.72",
        "top": 1066,
        "left": 1300,
        "height": 55,
        "width": 307
    },
    {
        "tag": "products.7.unit_price",
        "value": "2.08",
        "top": 1066,
        "left": 991,
        "height": 55,
        "width": 308
    },
    {
        "tag": "products.8.description",
        "value": "Hand Warmer Red Love Heart",
        "top": 1122,
        "left": 401,
        "height": 56,
        "width": 589
    },
    {
        "tag": "products.8.quantity",
        "value": "5",
        "top": 1122,
        "left": 95,
        "height": 56,
        "width": 305
    },
    {
        "tag": "products.8.total",
        "value": "10.50",
        "top": 1122,
        "left": 1300,
        "height": 56,
        "width": 307
    },
    {
        "tag": "products.8.unit_price",
        "value": "2.10",
        "top": 1122,
        "left": 991,
        "height": 56,
        "width": 308
    },
    {
        "tag": "products.9.description",
        "value": "French Blue Metal Door Sign 2",
        "top": 1179,
        "left": 401,
        "height": 55,
        "width": 589
    },
    {
        "tag": "products.9.quantity",
        "value": "3",
        "top": 1179,
        "left": 95,
        "height": 55,
        "width": 305
    },
    {
        "tag": "products.9.total",
        "value": "3.75",
        "top": 1179,
        "left": 1300,
        "height": 55,
        "width": 307
    },
    {
        "tag": "products.9.unit_price",
        "value": "1.25",
        "top": 1179,
        "left": 991,
        "height": 55,
        "width": 308
    },
    {
        "tag": "seller.address",
        "value": "9035 Matthew Loop Suite 283\nLeemouth, KY 32032",
        "top": 132,
        "left": 95,
        "height": 63,
        "width": 580
    },
    {
        "tag": "seller.company.name",
        "value": "Horton Ltd",
        "top": 94,
        "left": 95,
        "height": 38,
        "width": 580
    },
    {
        "tag": "seller.fax_number",
        "value": "+31(0)26 8902580",
        "top": 226,
        "left": 95,
        "height": 78,
        "width": 580
    },
    {
        "tag": "seller.phone_number",
        "value": "+1-508-634-1467x8848",
        "top": 195,
        "left": 95,
        "height": 31,
        "width": 580
    },
    {
        "tag": "summary.balance",
        "value": "$ 286.23",
        "top": 1631,
        "left": 989,
        "height": 56,
        "width": 618
    },
    {
        "tag": "summary.shipping.price",
        "value": "5.32",
        "top": 1575,
        "left": 989,
        "height": 55,
        "width": 618
    },
    {
        "tag": "summary.subtotal",
        "value": "239.48",
        "top": 1462,
        "left": 989,
        "height": 56,
        "width": 618
    },
    {
        "tag": "summary.tax_total",
        "value": "41.43",
        "top": 1519,
        "left": 989,
        "height": 55,
        "width": 618
    }
]