[
    {
        "text": "Horton",
        "top": 96,
        "left": 110,
        "height": 35,
        "width": 84
    },
    {
        "text": "Ltd",
        "top": 96,
        "left": 200,
        "height": 35,
        "width": 40
    },
    {
        "text": "9035",
        "top": 127,
        "left": 110,
        "height": 35,
        "width": 65
    },
    {
        "text": "Matthew",
        "top": 127,
        "left": 183,
        "height": 35,
        "width": 108
    },
    {
        "text": "Loop",
        "top": 127,
        "left": 298,
        "height": 35,
        "width": 59
    },
    {
        "text": "Suite",
        "top": 127,
        "left": 364,
        "height": 35,
        "width": 62
    },
    {
        "text": "283",
        "top": 127,
        "left": 433,
        "height": 35,
        "width": 47
    },
    {
        "text": "Leemouth,",
        "top": 158,
        "left": 110,
        "height": 35,
        "width": 128
    },
    {
        "text": "KY",
        "top": 158,
        "left": 245,
        "height": 35,
        "width": 34
    },
    {
        "text": "32032",
        "top": 158,
        "left": 285,
        "height": 35,
        "width": 80
    },
    {
        "text": "\ue09d1\ue088508\ue088634\ue0881467\ue09f8848",
        "top": 190,
        "left": 110,
        "height": 35,
        "width": 310
    },
    {
        "text": "\ue09d31\ue0810\ue08226",
        "top": 221,
        "left": 110,
        "height": 35,
        "width": 114
    },
    {
        "text": "8902580",
        "top": 221,
        "left": 231,
        "height": 35,
        "width": 114
    },
    {
        "text": "#819567",
        "top": 313,
        "left": 109,
        "height": 49,
        "width": 152
    },
    {
        "text": "06",
        "top": 313,
        "left": 1295,
        "height": 49,
        "width": 45
    },
    {
        "text": "MARCH,",
        "top": 313,
        "left": 1349,
        "height": 49,
        "width": 143
    },
    {
        "text": "2004",
        "top": 313,
        "left": 1501,
        "height": 49,
        "width": 92
    },
    {
        "text": "BILL",
        "top": 427,
        "left": 110,
        "height": 35,
        "width": 51
    },
    {
        "text": "TO",
        "top": 427,
        "left": 168,
        "height": 35,
        "width": 36
    },
    {
        "text": "Michael",
        "top": 471,
        "left": 110,
        "height": 35,
        "width": 94
    },
    {
        "text": "Mcdonald",
        "top": 471,
        "left": 210,
        "height": 35,
        "width": 120
    },
    {
        "text": "958",
        "top": 502,
        "left": 110,
        "height": 35,
        "width": 49
    },
    {
        "text": "Browning",
        "top": 502,
        "left": 166,
        "height": 35,
        "width": 113
    },
    {
        "text": "Island",
        "top": 502,
        "left": 287,
        "height": 35,
        "width": 72
    },
    {
        "text": "Suite",
        "top": 502,
        "left": 366,
        "height": 35,
        "width": 62
    },
    {
        "text": "779",
        "top": 502,
        "left": 435,
        "height": 35,
        "width": 45
    },
    {
        "text": "West",
        "top": 534,
        "left": 110,
        "height": 35,
        "width": 61
    },
    {
        "text": "Kimberlybury,",
        "top": 534,
        "left": 179,
        "height": 35,
        "width": 172
    },
    {
        "text": "OH",
        "top": 534,
        "left": 358,
        "height": 35,
        "width": 37
    },
    {
        "text": "35779",
        "top": 534,
        "left": 402,
        "height": 35,
        "width": 78
    },
    {
        "text": "SHIP",
        "top": 427,
        "left": 514,
        "height": 35,
        "width": 57
    },
    {
        "text": "TO",
        "top": 427,
        "left": 579,
        "height": 35,
        "width": 36
    },
    {
        "text": "Kyle",
        "top": 471,
        "left": 514,
        "height": 35,
        "width": 52
    },
    {
        "text": "Rose",
        "top": 471,
        "left": 573,
        "height": 35,
        "width": 60
    },
    {
        "text": "267",
        "top": 502,
        "left": 514,
        "height": 35,
        "width": 46
    },
    {
        "text": "Hoover",
        "top": 502,
        "left": 567,
        "height": 35,
        "width": 87
    },
    {
        "text": "View",
        "top": 502,
        "left": 660,
        "height": 35,
        "width": 60
    },
    {
        "text": "South",
        "top": 534,
        "left": 514,
        "height": 35,
        "width": 71
    },
    {
        "text": "Marybury,",
        "top": 534,
        "left": 592,
        "height": 35,
        "width": 126
    },
    {
        "text": "NC",
        "top": 534,
        "left": 725,
        "height": 35,
        "width": 37
    },
    {
        "text": "28465",
        "top": 534,
        "left": 769,
        "height": 35,
        "width": 80
    },
    {
        "text": "INSTRUCTIONS",
        "top": 427,
        "left": 894,
        "height": 35,
        "width": 189
    },
    {
        "text": "Payment",
        "top": 471,
        "left": 894,
        "height": 35,
        "width": 107
    },
    {
        "text": "terms:",
        "top": 471,
        "left": 1009,
        "height": 35,
        "width": 80
    },
    {
        "text": "Letter",
        "top": 471,
        "left": 1094,
        "height": 35,
        "width": 74
    },
    {
        "text": "of",
        "top": 471,
        "left": 1175,
        "height": 35,
        "width": 24
    },
    {
        "text": "credit",
        "top": 471,
        "left": 1207,
        "height": 35,
        "width": 72
    },
    {
        "text": "QUANTITY",
        "top": 623,
        "left": 109,
        "height": 35,
        "width": 132
    },
    {
        "text": "DESCRIPTION",
        "top": 623,
        "left": 415,
        "height": 35,
        "width": 168
    },
    {
        "text": "UNIT",
        "top": 623,
        "left": 1145,
        "height": 35,
        "width": 60
    },
    {
        "text": "PRICE",
        "top": 623,
        "left": 1211,
        "height": 35,
        "width": 73
    },
    {
        "text": "TOTAL",
        "top": 623,
        "left": 1509,
        "height": 35,
        "width": 83
    },
    {
        "text": "5",
        "top": 680,
        "left": 109,
        "height": 35,
        "width": 15
    },
    {
        "text": "5",
        "top": 736,
        "left": 109,
        "height": 35,
        "width": 15
    },
    {
        "text": "8",
        "top": 792,
        "left": 109,
        "height": 35,
        "width": 16
    },
    {
        "text": "1",
        "top": 849,
        "left": 109,
        "height": 35,
        "width": 12
    },
    {
        "text": "1",
        "top": 905,
        "left": 109,
        "height": 35,
        "width": 12
    },
    {
        "text": "9",
        "top": 961,
        "left": 109,
        "height": 35,
        "width": 16
    },
    {
        "text": "5",
        "top": 1018,
        "left": 109,
        "height": 35,
        "width": 15
    },
    {
        "text": "9",
        "top": 1074,
        "left": 109,
        "height": 35,
        "width": 16
    },
    {
        "text": "5",
        "top": 1130,
        "left": 109,
        "height": 35,
        "width": 15
    },
    {
        "text": "3",
        "top": 1186,
        "left": 109,
        "height": 35,
        "width": 16
    },
    {
        "text": "1",
        "top": 1243,
        "left": 109,
        "height": 35,
        "width": 12
    },
    {
        "text": "8",
        "top": 1299,
        "left": 109,
        "height": 35,
        "width": 16
    },
    {
        "text": "3",
        "top": 1355,
        "left": 109,
        "height": 35,
        "width": 16
    },
    {
        "text": "SUBTOTAL",
        "top": 1468,
        "left": 109,
        "height": 35,
        "width": 135
    },
    {
        "text": "SALES",
        "top": 1526,
        "left": 109,
        "height": 35,
        "width": 80
    },
    {
        "text": "TAX",
        "top": 1526,
        "left": 197,
        "height": 35,
        "width": 50
    },
    {
        "text": "SHIPPING",
        "top": 1583,
        "left": 109,
        "height": 35,
        "width": 119
    },
    {
        "text": "&",
        "top": 1583,
        "left": 234,
        "height": 35,
        "width": 16
    },
    {
        "text": "HANDLING",
        "top": 1583,
        "left": 257,
        "height": 35,
        "width": 133
    },
    {
        "text": "TOTAL",
        "top": 1639,
        "left": 109,
        "height": 35,
        "width": 83
    },
    {
        "text": "DUE",
        "top": 1639,
        "left": 199,
        "height": 35,
        "width": 52
    },
    {
        "text": "BY",
        "top": 1639,
        "left": 257,
        "height": 35,
        "width": 34
    },
    {
        "text": "DATE",
        "top": 1639,
        "left": 297,
        "height": 35,
        "width": 67
    },
    {
        "text": "Zinc",
        "top": 680,
        "left": 415,
        "height": 35,
        "width": 52
    },
    {
        "text": "Metal",
        "top": 680,
        "left": 474,
        "height": 35,
        "width": 69
    },
    {
        "text": "Heart",
        "top": 680,
        "left": 549,
        "height": 35,
        "width": 67
    },
    {
        "text": "Decoration",
        "top": 680,
        "left": 624,
        "height": 35,
        "width": 134
    },
    {
        "text": "72",
        "top": 736,
        "left": 415,
        "height": 35,
        "width": 30
    },
    {
        "text": "Sweetheart",
        "top": 736,
        "left": 451,
        "height": 35,
        "width": 140
    },
    {
        "text": "Fairy",
        "top": 736,
        "left": 599,
        "height": 35,
        "width": 60
    },
    {
        "text": "Cake",
        "top": 736,
        "left": 666,
        "height": 35,
        "width": 62
    },
    {
        "text": "Cases",
        "top": 736,
        "left": 735,
        "height": 35,
        "width": 76
    },
    {
        "text": "Recipe",
        "top": 792,
        "left": 415,
        "height": 35,
        "width": 83
    },
    {
        "text": "Box",
        "top": 792,
        "left": 505,
        "height": 35,
        "width": 45
    },
    {
        "text": "Blue",
        "top": 792,
        "left": 557,
        "height": 35,
        "width": 52
    },
    {
        "text": "Sketchbook",
        "top": 792,
        "left": 616,
        "height": 35,
        "width": 145
    },
    {
        "text": "Design",
        "top": 792,
        "left": 768,
        "height": 35,
        "width": 86
    },
    {
        "text": "Biscuit",
        "top": 849,
        "left": 415,
        "height": 35,
        "width": 82
    },
    {
        "text": "Tin",
        "top": 849,
        "left": 505,
        "height": 35,
        "width": 38
    },
    {
        "text": "50'S",
        "top": 849,
        "left": 549,
        "height": 35,
        "width": 55
    },
    {
        "text": "Christmas",
        "top": 849,
        "left": 611,
        "height": 35,
        "width": 126
    },
    {
        "text": "Tuscan",
        "top": 905,
        "left": 415,
        "height": 35,
        "width": 88
    },
    {
        "text": "Villa",
        "top": 905,
        "left": 509,
        "height": 35,
        "width": 51
    },
    {
        "text": "Feeding",
        "top": 905,
        "left": 568,
        "height": 35,
        "width": 97
    },
    {
        "text": "Station",
        "top": 905,
        "left": 672,
        "height": 35,
        "width": 88
    },
    {
        "text": "Brocante",
        "top": 961,
        "left": 415,
        "height": 35,
        "width": 110
    },
    {
        "text": "Shelf",
        "top": 961,
        "left": 532,
        "height": 35,
        "width": 61
    },
    {
        "text": "With",
        "top": 961,
        "left": 601,
        "height": 35,
        "width": 57
    },
    {
        "text": "Hooks",
        "top": 961,
        "left": 664,
        "height": 35,
        "width": 76
    },
    {
        "text": "Paper",
        "top": 1018,
        "left": 415,
        "height": 35,
        "width": 72
    },
    {
        "text": "Chain",
        "top": 1018,
        "left": 495,
        "height": 35,
        "width": 69
    },
    {
        "text": "Kit",
        "top": 1018,
        "left": 570,
        "height": 35,
        "width": 32
    },
    {
        "text": "Empire",
        "top": 1018,
        "left": 609,
        "height": 35,
        "width": 85
    },
    {
        "text": "Jumbo",
        "top": 1074,
        "left": 415,
        "height": 35,
        "width": 84
    },
    {
        "text": "Bag",
        "top": 1074,
        "left": 505,
        "height": 35,
        "width": 46
    },
    {
        "text": "Pink",
        "top": 1074,
        "left": 559,
        "height": 35,
        "width": 51
    },
    {
        "text": "Vintage",
        "top": 1074,
        "left": 618,
        "height": 35,
        "width": 96
    },
    {
        "text": "Paisley",
        "top": 1074,
        "left": 720,
        "height": 35,
        "width": 87
    },
    {
        "text": "Hand",
        "top": 1130,
        "left": 415,
        "height": 35,
        "width": 63
    },
    {
        "text": "Warmer",
        "top": 1130,
        "left": 486,
        "height": 35,
        "width": 95
    },
    {
        "text": "Red",
        "top": 1130,
        "left": 589,
        "height": 35,
        "width": 47
    },
    {
        "text": "Love",
        "top": 1130,
        "left": 643,
        "height": 35,
        "width": 58
    },
    {
        "text": "Heart",
        "top": 1130,
        "left": 707,
        "height": 35,
        "width": 67
    },
    {
        "text": "French",
        "top": 1186,
        "left": 415,
        "height": 35,
        "width": 84
    },
    {
        "text": "Blue",
        "top": 1186,
        "left": 505,
        "height": 35,
        "width": 52
    },
    {
        "text": "Metal",
        "top": 1186,
        "left": 564,
        "height": 35,
        "width": 69
    },
    {
        "text": "Door",
        "top": 1186,
        "left": 639,
        "height": 35,
        "width": 57
    },
    {
        "text": "Sign",
        "top": 1186,
        "left": 703,
        "height": 35,
        "width": 54
    },
    {
        "text": "2",
        "top": 1186,
        "left": 764,
        "height": 35,
        "width": 15
    },
    {
        "text": "Set",
        "top": 1243,
        "left": 415,
        "height": 35,
        "width": 40
    },
    {
        "text": "Of",
        "top": 1243,
        "left": 463,
        "height": 35,
        "width": 28
    },
    {
        "text": "3",
        "top": 1243,
        "left": 499,
        "height": 35,
        "width": 16
    },
    {
        "text": "Cake",
        "top": 1243,
        "left": 522,
        "height": 35,
        "width": 62
    },
    {
        "text": "Tins",
        "top": 1243,
        "left": 591,
        "height": 35,
        "width": 51
    },
    {
        "text": "Pantry",
        "top": 1243,
        "left": 649,
        "height": 35,
        "width": 81
    },
    {
        "text": "Design",
        "top": 1243,
        "left": 737,
        "height": 35,
        "width": 86
    },
    {
        "text": "Frying",
        "top": 1299,
        "left": 415,
        "height": 35,
        "width": 76
    },
    {
        "text": "Pan",
        "top": 1299,
        "left": 499,
        "height": 35,
        "width": 46
    },
    {
        "text": "Union",
        "top": 1299,
        "left": 551,
        "height": 35,
        "width": 69
    },
    {
        "text": "Flag",
        "top": 1299,
        "left": 626,
        "height": 35,
        "width": 51
    },
    {
        "text": "Cardholder",
        "top": 1355,
        "left": 415,
        "height": 35,
        "width": 137
    },
    {
        "text": "Gingham",
        "top": 1355,
        "left": 559,
        "height": 35,
        "width": 108
    },
    {
        "text": "Star",
        "top": 1355,
        "left": 674,
        "height": 35,
        "width": 51
    },
    {
        "text": "1.25",
        "top": 680,
        "left": 1234,
        "height": 35,
        "width": 49
    },
    {
        "text": "1.28",
        "top": 736,
        "left": 1234,
        "height": 35,
        "width": 49
    },
    {
        "text": "2.95",
        "top": 792,
        "left": 1230,
        "height": 35,
        "width": 53
    },
    {
        "text": "2.89",
        "top": 849,
        "left": 1230,
        "height": 35,
        "width": 53
    },
    {
        "text": "8.25",
        "top": 905,
        "left": 1230,
        "height": 35,
        "width": 53
    },
    {
        "text": "10.75",
        "top": 961,
        "left": 1218,
        "height": 35,
        "width": 65
    },
    {
        "text": "2.95",
        "top": 1018,
        "left": 1230,
        "height": 35,
        "width": 53
    },
    {
        "text": "2.08",
        "top": 1074,
        "left": 1230,
        "height": 35,
        "width": 53
    },
    {
        "text": "2.10",
        "top": 1130,
        "left": 1236,
        "height": 35,
        "width": 48
    },
    {
        "text": "1.25",
        "top": 1186,
        "left": 1234,
        "height": 35,
        "width": 49
    },
    {
        "text": "4.95",
        "top": 1243,
        "left": 1228,
        "height": 35,
        "width": 55
    },
    {
        "text": "4.25",
        "top": 1299,
        "left": 1230,
        "height": 35,
        "width": 53
    },
    {
        "text": "2.89",
        "top": 1355,
        "left": 1230,
        "height": 35,
        "width": 53
    },
    {
        "text": "6.25",
        "top": 680,
        "left": 1539,
        "height": 35,
        "width": 53
    },
    {
        "text": "6.40",
        "top": 736,
        "left": 1537,
        "height": 35,
        "width": 56
    },
    {
        "text": "23.60",
        "top": 792,
        "left": 1522,
        "height": 35,
        "width": 70
    },
    {
        "text": "2.89",
        "top": 849,
        "left": 1539,
        "height": 35,
        "width": 53
    },
    {
        "text": "8.25",
        "top": 905,
        "left": 1539,
        "height": 35,
        "width": 53
    },
    {
        "text": "96.75",
        "top": 961,
        "left": 1522,
        "height": 35,
        "width": 70
    },
    {
        "text": "14.75",
        "top": 1018,
        "left": 1526,
        "height": 35,
        "width": 65
    },
    {
        "text": "18.72",
        "top": 1074,
        "left": 1528,
        "height": 35,
        "width": 65
    },
    {
        "text": "10.50",
        "top": 1130,
        "left": 1524,
        "height": 35,
        "width": 68
    },
    {
        "text": "3.75",
        "top": 1186,
        "left": 1539,
        "height": 35,
        "width": 53
    },
    {
        "text": "4.95",
        "top": 1243,
        "left": 1537,
        "height": 35,
        "width": 55
    },
    {
        "text": "34.00",
        "top": 1299,
        "left": 1520,
        "height": 35,
        "width": 73
    },
    {
        "text": "8.67",
        "top": 1355,
        "left": 1539,
        "height": 35,
        "width": 54
    },
    {
        "text": "239.48",
        "top": 1468,
        "left": 1505,
        "height": 35,
        "width": 87
    },
    {
        "text": "41.43",
        "top": 1526,
        "left": 1524,
        "height": 35,
        "width": 68
    },
    {
        "text": "5.32",
        "top": 1583,
        "left": 1539,
        "height": 35,
        "width": 55
    },
    {
        "text": "$",
        "top": 1639,
        "left": 1484,
        "height": 35,
        "width": 16
    },
    {
        "text": "286.23",
        "top": 1639,
        "left": 1507,
        "height": 35,
        "width": 85
    },
    {
        "text": "Thank",
        "top": 1768,
        "left": 807,
        "height": 35,
        "width": 74
    },
    {
        "text": "you",
        "top": 1768,
        "left": 888,
        "height": 35,
        "width": 44
    },
    {
        "text": "for",
        "top": 1768,
        "left": 938,
        "height": 35,
        "width": 34
    },
    {
        "text": "your",
        "top": 1768,
        "left": 980,
        "height": 35,
        "width": 53
    },
    {
        "text": "business!",
        "top": 1768,
        "left": 1040,
        "height": 35,
        "width": 118
    }
]