[
    {
        "text": "Gates,",
        "top": 210,
        "left": 139,
        "height": 36,
        "width": 69
    },
    {
        "text": "Myers",
        "top": 210,
        "left": 216,
        "height": 36,
        "width": 68
    },
    {
        "text": "and",
        "top": 210,
        "left": 293,
        "height": 36,
        "width": 43
    },
    {
        "text": "Stone",
        "top": 210,
        "left": 345,
        "height": 36,
        "width": 65
    },
    {
        "text": "50479",
        "top": 251,
        "left": 139,
        "height": 36,
        "width": 63
    },
    {
        "text": "Anderson",
        "top": 251,
        "left": 210,
        "height": 36,
        "width": 108
    },
    {
        "text": "Manors",
        "top": 251,
        "left": 327,
        "height": 36,
        "width": 86
    },
    {
        "text": "Dominguezview,",
        "top": 282,
        "left": 139,
        "height": 36,
        "width": 181
    },
    {
        "text": "MI",
        "top": 282,
        "left": 329,
        "height": 36,
        "width": 27
    },
    {
        "text": "50108",
        "top": 282,
        "left": 364,
        "height": 36,
        "width": 65
    },
    {
        "text": "513-301-3977x2511",
        "top": 328,
        "left": 139,
        "height": 36,
        "width": 189
    },
    {
        "text": "andrew89@alexander.info",
        "top": 384,
        "left": 139,
        "height": 36,
        "width": 297
    },
    {
        "text": "henry.biz",
        "top": 434,
        "left": 139,
        "height": 36,
        "width": 100
    },
    {
        "text": "Franklin",
        "top": 210,
        "left": 1420,
        "height": 36,
        "width": 91
    },
    {
        "text": "PLC",
        "top": 210,
        "left": 1520,
        "height": 36,
        "width": 39
    },
    {
        "text": "Julie",
        "top": 266,
        "left": 1439,
        "height": 36,
        "width": 48
    },
    {
        "text": "Eaton",
        "top": 266,
        "left": 1495,
        "height": 36,
        "width": 64
    },
    {
        "text": "956",
        "top": 314,
        "left": 1212,
        "height": 36,
        "width": 38
    },
    {
        "text": "Steven",
        "top": 314,
        "left": 1258,
        "height": 36,
        "width": 75
    },
    {
        "text": "Mountain",
        "top": 314,
        "left": 1341,
        "height": 36,
        "width": 108
    },
    {
        "text": "Apt.",
        "top": 314,
        "left": 1458,
        "height": 36,
        "width": 42
    },
    {
        "text": "000",
        "top": 314,
        "left": 1508,
        "height": 36,
        "width": 43
    },
    {
        "text": "New",
        "top": 345,
        "left": 1304,
        "height": 36,
        "width": 46
    },
    {
        "text": "Vincent,",
        "top": 345,
        "left": 1360,
        "height": 36,
        "width": 88
    },
    {
        "text": "NH",
        "top": 345,
        "left": 1456,
        "height": 36,
        "width": 33
    },
    {
        "text": "88113",
        "top": 345,
        "left": 1497,
        "height": 36,
        "width": 62
    },
    {
        "text": "+61310395226",
        "top": 384,
        "left": 1414,
        "height": 36,
        "width": 146
    },
    {
        "text": "nwilson@\ufb01tzgerald-cervantes.info",
        "top": 434,
        "left": 1171,
        "height": 36,
        "width": 389
    },
    {
        "text": "Invoice",
        "top": 563,
        "left": 181,
        "height": 36,
        "width": 79
    },
    {
        "text": "Number:",
        "top": 563,
        "left": 268,
        "height": 36,
        "width": 96
    },
    {
        "text": "#509715",
        "top": 563,
        "left": 467,
        "height": 36,
        "width": 85
    },
    {
        "text": "Issue",
        "top": 563,
        "left": 659,
        "height": 36,
        "width": 59
    },
    {
        "text": "Date:",
        "top": 563,
        "left": 726,
        "height": 36,
        "width": 57
    },
    {
        "text": "2016-06-27",
        "top": 563,
        "left": 898,
        "height": 36,
        "width": 119
    },
    {
        "text": "Expiry",
        "top": 563,
        "left": 1133,
        "height": 36,
        "width": 68
    },
    {
        "text": "Date:",
        "top": 563,
        "left": 1210,
        "height": 36,
        "width": 57
    },
    {
        "text": "2016-07-21",
        "top": 563,
        "left": 1334,
        "height": 36,
        "width": 116
    },
    {
        "text": "00:00:00",
        "top": 563,
        "left": 1459,
        "height": 36,
        "width": 95
    },
    {
        "text": "Item",
        "top": 709,
        "left": 208,
        "height": 36,
        "width": 48
    },
    {
        "text": "#",
        "top": 709,
        "left": 266,
        "height": 36,
        "width": 12
    },
    {
        "text": "Description",
        "top": 709,
        "left": 529,
        "height": 36,
        "width": 129
    },
    {
        "text": "Quantity",
        "top": 709,
        "left": 893,
        "height": 36,
        "width": 95
    },
    {
        "text": "Unit",
        "top": 709,
        "left": 1124,
        "height": 36,
        "width": 46
    },
    {
        "text": "Price",
        "top": 709,
        "left": 1178,
        "height": 36,
        "width": 56
    },
    {
        "text": "3627",
        "top": 796,
        "left": 220,
        "height": 36,
        "width": 48
    },
    {
        "text": "3210",
        "top": 886,
        "left": 219,
        "height": 36,
        "width": 49
    },
    {
        "text": "4211",
        "top": 973,
        "left": 221,
        "height": 36,
        "width": 45
    },
    {
        "text": "9234",
        "top": 1060,
        "left": 219,
        "height": 36,
        "width": 50
    },
    {
        "text": "4977",
        "top": 1148,
        "left": 221,
        "height": 36,
        "width": 46
    },
    {
        "text": "2477",
        "top": 1235,
        "left": 221,
        "height": 36,
        "width": 46
    },
    {
        "text": "6576",
        "top": 1323,
        "left": 220,
        "height": 36,
        "width": 48
    },
    {
        "text": "Blue",
        "top": 796,
        "left": 443,
        "height": 36,
        "width": 48
    },
    {
        "text": "polkadot",
        "top": 796,
        "left": 499,
        "height": 36,
        "width": 100
    },
    {
        "text": "luggage",
        "top": 796,
        "left": 607,
        "height": 36,
        "width": 92
    },
    {
        "text": "tag",
        "top": 796,
        "left": 707,
        "height": 36,
        "width": 37
    },
    {
        "text": "Hand",
        "top": 886,
        "left": 430,
        "height": 36,
        "width": 60
    },
    {
        "text": "warmer",
        "top": 886,
        "left": 499,
        "height": 36,
        "width": 88
    },
    {
        "text": "red",
        "top": 886,
        "left": 597,
        "height": 36,
        "width": 37
    },
    {
        "text": "love",
        "top": 886,
        "left": 643,
        "height": 36,
        "width": 46
    },
    {
        "text": "heart",
        "top": 886,
        "left": 697,
        "height": 36,
        "width": 60
    },
    {
        "text": "I",
        "top": 973,
        "left": 444,
        "height": 36,
        "width": 7
    },
    {
        "text": "love",
        "top": 973,
        "left": 458,
        "height": 36,
        "width": 46
    },
    {
        "text": "london",
        "top": 973,
        "left": 512,
        "height": 36,
        "width": 79
    },
    {
        "text": "baby",
        "top": 973,
        "left": 600,
        "height": 36,
        "width": 55
    },
    {
        "text": "gift",
        "top": 973,
        "left": 664,
        "height": 36,
        "width": 37
    },
    {
        "text": "set",
        "top": 973,
        "left": 710,
        "height": 36,
        "width": 33
    },
    {
        "text": "Toilet",
        "top": 1060,
        "left": 422,
        "height": 36,
        "width": 58
    },
    {
        "text": "sign",
        "top": 1060,
        "left": 489,
        "height": 36,
        "width": 48
    },
    {
        "text": "occupied",
        "top": 1060,
        "left": 545,
        "height": 36,
        "width": 102
    },
    {
        "text": "or",
        "top": 1060,
        "left": 655,
        "height": 36,
        "width": 24
    },
    {
        "text": "vacant",
        "top": 1060,
        "left": 688,
        "height": 36,
        "width": 77
    },
    {
        "text": "Lunch",
        "top": 1148,
        "left": 456,
        "height": 36,
        "width": 69
    },
    {
        "text": "bag",
        "top": 1148,
        "left": 533,
        "height": 36,
        "width": 43
    },
    {
        "text": "vintage",
        "top": 1148,
        "left": 585,
        "height": 36,
        "width": 83
    },
    {
        "text": "doily",
        "top": 1148,
        "left": 677,
        "height": 36,
        "width": 53
    },
    {
        "text": "Herb",
        "top": 1235,
        "left": 481,
        "height": 36,
        "width": 54
    },
    {
        "text": "marker",
        "top": 1235,
        "left": 544,
        "height": 36,
        "width": 82
    },
    {
        "text": "thyme",
        "top": 1235,
        "left": 635,
        "height": 36,
        "width": 71
    },
    {
        "text": "Box",
        "top": 1323,
        "left": 389,
        "height": 36,
        "width": 40
    },
    {
        "text": "of",
        "top": 1323,
        "left": 439,
        "height": 36,
        "width": 22
    },
    {
        "text": "6",
        "top": 1323,
        "left": 470,
        "height": 36,
        "width": 13
    },
    {
        "text": "assorted",
        "top": 1323,
        "left": 491,
        "height": 36,
        "width": 100
    },
    {
        "text": "colour",
        "top": 1323,
        "left": 599,
        "height": 36,
        "width": 71
    },
    {
        "text": "teaspoons",
        "top": 1323,
        "left": 680,
        "height": 36,
        "width": 118
    },
    {
        "text": "8",
        "top": 796,
        "left": 934,
        "height": 36,
        "width": 13
    },
    {
        "text": "7",
        "top": 886,
        "left": 936,
        "height": 36,
        "width": 11
    },
    {
        "text": "4",
        "top": 973,
        "left": 935,
        "height": 36,
        "width": 13
    },
    {
        "text": "10",
        "top": 1060,
        "left": 929,
        "height": 36,
        "width": 24
    },
    {
        "text": "3",
        "top": 1148,
        "left": 935,
        "height": 36,
        "width": 12
    },
    {
        "text": "10",
        "top": 1235,
        "left": 929,
        "height": 36,
        "width": 24
    },
    {
        "text": "8",
        "top": 1323,
        "left": 934,
        "height": 36,
        "width": 13
    },
    {
        "text": "1.25",
        "top": 796,
        "left": 1159,
        "height": 36,
        "width": 39
    },
    {
        "text": "2.10",
        "top": 886,
        "left": 1159,
        "height": 36,
        "width": 39
    },
    {
        "text": "16.95",
        "top": 973,
        "left": 1153,
        "height": 36,
        "width": 51
    },
    {
        "text": "0.83",
        "top": 1060,
        "left": 1156,
        "height": 36,
        "width": 45
    },
    {
        "text": "1.65",
        "top": 1148,
        "left": 1159,
        "height": 36,
        "width": 39
    },
    {
        "text": "0.65",
        "top": 1235,
        "left": 1157,
        "height": 36,
        "width": 43
    },
    {
        "text": "3.29",
        "top": 1323,
        "left": 1158,
        "height": 36,
        "width": 42
    },
    {
        "text": "Total",
        "top": 709,
        "left": 1411,
        "height": 36,
        "width": 55
    },
    {
        "text": "10.00",
        "top": 796,
        "left": 1409,
        "height": 36,
        "width": 57
    },
    {
        "text": "14.70",
        "top": 886,
        "left": 1412,
        "height": 36,
        "width": 51
    },
    {
        "text": "67.80",
        "top": 973,
        "left": 1410,
        "height": 36,
        "width": 55
    },
    {
        "text": "8.30",
        "top": 1060,
        "left": 1415,
        "height": 36,
        "width": 45
    },
    {
        "text": "4.95",
        "top": 1148,
        "left": 1417,
        "height": 36,
        "width": 41
    },
    {
        "text": "6.50",
        "top": 1235,
        "left": 1416,
        "height": 36,
        "width": 43
    },
    {
        "text": "26.32",
        "top": 1323,
        "left": 1411,
        "height": 36,
        "width": 53
    },
    {
        "text": "Subtotal",
        "top": 1529,
        "left": 1191,
        "height": 36,
        "width": 96
    },
    {
        "text": "Tax",
        "top": 1578,
        "left": 1250,
        "height": 36,
        "width": 36
    },
    {
        "text": "138.57",
        "top": 1529,
        "left": 1407,
        "height": 36,
        "width": 65
    },
    {
        "text": "23.42",
        "top": 1578,
        "left": 1413,
        "height": 36,
        "width": 51
    },
    {
        "text": "TOTAL",
        "top": 1676,
        "left": 1181,
        "height": 59,
        "width": 107
    },
    {
        "text": "$",
        "top": 1684,
        "left": 1317,
        "height": 46,
        "width": 17
    },
    {
        "text": "161.99",
        "top": 1684,
        "left": 1344,
        "height": 46,
        "width": 79
    }
]