[
    {
        "tag": "buyer.bill.address",
        "value": "956 Steven Mountain Apt. 000\nNew Vincent, NH 88113",
        "top": 318,
        "left": 849,
        "height": 62,
        "width": 725
    },
    {
        "tag": "buyer.bill.contact",
        "value": "Julie Eaton",
        "top": 256,
        "left": 849,
        "height": 61,
        "width": 725
    },
    {
        "tag": "buyer.bill.email",
        "value": "nwilson@fitzgerald-cervantes.info",
        "top": 431,
        "left": 849,
        "height": 49,
        "width": 725
    },
    {
        "tag": "buyer.bill.phone_number",
        "value": "+61310395226",
        "top": 381,
        "left": 849,
        "height": 49,
        "width": 725
    },
    {
        "tag": "buyer.company.name",
        "value": "Franklin PLC",
        "top": 206,
        "left": 849,
        "height": 49,
        "width": 725
    },
    {
        "tag": "invoice_date",
        "value": "2016-06-27",
        "top": 543,
        "left": 839,
        "height": 78,
        "width": 240
    },
    {
        "tag": "invoice_due_date",
        "value": "2016-07-21 00:00:00",
        "top": 543,
        "left": 1319,
        "height": 78,
        "width": 253
    },
    {
        "tag": "invoice_number",
        "value": "#509715",
        "top": 543,
        "left": 418,
        "height": 78,
        "width": 182
    },
    {
        "tag": "products.0.description",
        "value": "Blue polkadot luggage tag ",
        "top": 774,
        "left": 362,
        "height": 86,
        "width": 463
    },
    {
        "tag": "products.0.id",
        "value": "3627",
        "top": 774,
        "left": 125,
        "height": 86,
        "width": 236
    },
    {
        "tag": "products.0.quantity",
        "value": "8",
        "top": 774,
        "left": 826,
        "height": 86,
        "width": 230
    },
    {
        "tag": "products.0.total",
        "value": "10.00",
        "top": 774,
        "left": 1302,
        "height": 86,
        "width": 272
    },
    {
        "tag": "products.0.unit_price",
        "value": "1.25",
        "top": 774,
        "left": 1057,
        "height": 86,
        "width": 244
    },
    {
        "tag": "products.1.description",
        "value": "Hand warmer red love heart",
        "top": 861,
        "left": 362,
        "height": 87,
        "width": 463
    },
    {
        "tag": "products.1.id",
        "value": "3210",
        "top": 861,
        "left": 125,
        "height": 87,
        "width": 236
    },
    {
        "tag": "products.1.quantity",
        "value": "7",
        "top": 861,
        "left": 826,
        "height": 87,
        "width": 230
    },
    {
        "tag": "products.1.total",
        "value": "14.70",
        "top": 861,
        "left": 1302,
        "height": 87,
        "width": 272
    },
    {
        "tag": "products.1.unit_price",
        "value": "2.10",
        "top": 861,
        "left": 1057,
        "height": 87,
        "width": 244
    },
    {
        "tag": "products.2.description",
        "value": "I love london baby gift set",
        "top": 949,
        "left": 362,
        "height": 86,
        "width": 463
    },
    {
        "tag": "products.2.id",
        "value": "4211",
        "top": 949,
        "left": 125,
        "height": 86,
        "width": 236
    },
    {
        "tag": "products.2.quantity",
        "value": "4",
        "top": 949,
        "left": 826,
        "height": 86,
        "width": 230
    },
    {
        "tag": "products.2.total",
        "value": "67.80",
        "top": 949,
        "left": 1302,
        "height": 86,
        "width": 272
    },
    {
        "tag": "products.2.unit_price",
        "value": "16.95",
        "top": 949,
        "left": 1057,
        "height": 86,
        "width": 244
    },
    {
        "tag": "products.3.description",
        "value": "Toilet sign occupied or vacant",
        "top": 1036,
        "left": 362,
        "height": 87,
        "width": 463
    },
    {
        "tag": "products.3.id",
        "value": "9234",
        "top": 1036,
        "left": 125,
        "height": 87,
        "width": 236
    },
    {
        "tag": "products.3.quantity",
        "value": "10",
        "top": 1036,
        "left": 826,
        "height": 87,
        "width": 230
    },
    {
        "tag": "products.3.total",
        "value": "8.30",
        "top": 1036,
        "left": 1302,
        "height": 87,
        "width": 272
    },
    {
        "tag": "products.3.unit_price",
        "value": "0.83",
        "top": 1036,
        "left": 1057,
        "height": 87,
        "width": 244
    },
    {
        "tag": "products.4.description",
        "value": "Lunch bag vintage doily ",
        "top": 1124,
        "left": 362,
        "height": 86,
        "width": 463
    },
    {
        "tag": "products.4.id",
        "value": "4977",
        "top": 1124,
        "left": 125,
        "height": 86,
        "width": 236
    },
    {
        "tag": "products.4.quantity",
        "value": "3",
        "top": 1124,
        "left": 826,
        "height": 86,
        "width": 230
    },
    {
        "tag": "products.4.total",
        "value": "4.95",
        "top": 1124,
        "left": 1302,
        "height": 86,
        "width": 272
    },
    {
        "tag": "products.4.unit_price",
        "value": "1.65",
        "top": 1124,
        "left": 1057,
        "height": 86,
        "width": 244
    },
    {
        "tag": "products.5.description",
        "value": "Herb marker thyme",
        "top": 1211,
        "left": 362,
        "height": 86,
        "width": 463
    },
    {
        "tag": "products.5.id",
        "value": "2477",
        "top": 1211,
        "left": 125,
        "height": 86,
        "width": 236
    },
    {
        "tag": "products.5.quantity",
        "value": "10",
        "top": 1211,
        "left": 826,
        "height": 86,
        "width": 230
    },
    {
        "tag": "products.5.total",
        "value": "6.50",
        "top": 1211,
        "left": 1302,
        "height": 86,
        "width": 272
    },
    {
        "tag": "products.5.unit_price",
        "value": "0.65",
        "top": 1211,
        "left": 1057,
        "height": 86,
        "width": 244
    },
    {
        "tag": "products.6.description",
        "value": "Box of 6 assorted colour teaspoons",
        "top": 1298,
        "left": 362,
        "height": 87,
        "width": 463
    },
    {
        "tag": "products.6.id",
        "value": "6576",
        "top": 1298,
        "left": 125,
        "height": 87,
        "width": 236
    },
    {
        "tag": "products.6.quantity",
        "value": "8",
        "top": 1298,
        "left": 826,
        "height": 87,
        "width": 230
    },
    {
        "tag": "products.6.total",
        "value": "26.32",
        "top": 1298,
        "left": 1302,
        "height": 87,
        "width": 272
    },
    {
        "tag": "products.6.unit_price",
        "value": "3.29",
        "top": 1298,
        "left": 1057,
        "height": 60,
        "width": 244
    },
    {
        "tag": "seller.address",
        "value": "50479 Anderson Manors\nDominguezview, MI 50108",
        "top": 256,
        "left": 125,
        "height": 61,
        "width": 723
    },
    {
        "tag": "seller.company.name",
        "value": "Gates, Myers and Stone",
        "top": 206,
        "left": 125,
        "height": 49,
        "width": 723
    },
    {
        "tag": "seller.email",
        "value": "andrew89@alexander.info",
        "top": 381,
        "left": 125,
        "height": 49,
        "width": 723
    },
    {
        "tag": "seller.phone_number",
        "value": "513-301-3977x2511",
        "top": 318,
        "left": 125,
        "height": 62,
        "width": 723
    },
    {
        "tag": "seller.website",
        "value": "henry.biz",
        "top": 431,
        "left": 125,
        "height": 49,
        "width": 723
    },
    {
        "tag": "summary.balance",
        "value": "$ 161.99",
        "top": 1673,
        "left": 1302,
        "height": 76,
        "width": 272
    },
    {
        "tag": "summary.subtotal",
        "value": "138.57",
        "top": 1523,
        "left": 1302,
        "height": 49,
        "width": 272
    },
    {
        "tag": "summary.tax_total",
        "value": "23.42",
        "top": 1573,
        "left": 1302,
        "height": 49,
        "width": 272
    }
]