{
    "invoice": {
        "template": "templates/Invoice_76.htm",
        "logo": "logos/liftigniter.png",
        "font": "fonts/Nunito/Nunito-ExtraLight.ttf",
        "dpi": 200,
        "color_map": {
            "#A6A6A6": "#a6a6a6",
            "#7F7F7F": "#7f7f7f",
            "#984806": "#986706",
            "#FDE9D9": "#fdd9e1"
        },
        "font_scale": 1.0023281919536846,
        "margin": 15
    },
    "warping": {
        "environment": null,
        "mesh": "meshes/objs/P/37_4.obj",
        "resolution": 1600
    }
}