{
    "buyer": {
        "bill": {
            "address": {
                "city": {
                    "city_name": "New Ryanborough",
                    "postcode": "02629",
                    "state_abbr": "DE"
                },
                "street": {
                    "building_number": "284",
                    "street_name": "Dean Island"
                }
            },
            "contact": {
                "first_name": "Christopher",
                "last_name": "Owens"
            },
            "customer_id": 2897393,
            "phone_number": {
                "country_code": 1,
                "national_number": 9516351700
            }
        },
        "company": {
            "name": "Frederick-Rodriguez"
        }
    },
    "invoice_date": {
        "day": 29,
        "month": 12,
        "year": 2014
    },
    "invoice_number": 63415,
    "products": {
        "0": {
            "description": "Grow a flytrap or sunflower in tin",
            "total": 15.0,
            "unit_price": 2.5
        },
        "1": {
            "description": "Set/20 strawberry paper napkins ",
            "total": 0.85,
            "unit_price": 0.85
        },
        "2": {
            "description": "Mirror mosaic votive holder",
            "total": 7.38,
            "unit_price": 2.46
        },
        "3": {
            "description": "White hanging heart t-light holder",
            "total": 2.95,
            "unit_price": 2.95
        },
        "4": {
            "description": "Decoration , wobbly rabbit , metal ",
            "total": 8.25,
            "unit_price": 1.65
        },
        "5": {
            "description": "Jumbo bag pink polkadot",
            "total": 18.72,
            "unit_price": 2.08
        },
        "6": {
            "description": "Jam making set printed",
            "total": 19.74,
            "unit_price": 3.29
        },
        "7": {
            "description": "Lunch bag red retrospot",
            "total": 3.3,
            "unit_price": 1.65
        },
        "8": {
            "description": "Doormat keep calm and come in",
            "total": 47.7,
            "unit_price": 7.95
        },
        "9": {
            "description": "Alarm clock bakelike pink",
            "total": 11.25,
            "unit_price": 3.75
        }
    },
    "seller": {
        "address": {
            "city": {
                "city_name": "Munozbury",
                "postcode": "46630",
                "state_abbr": "MA"
            },
            "street": {
                "building_number": "9808",
                "secondary_address": "Apt. 019",
                "street_name": "Johnson Ferry"
            }
        },
        "company": {
            "name": "Hawkins and Sons",
            "slogan": "Progressive client-server info-mediaries"
        },
        "email": "rodriguezalex@fisher-roach.net",
        "fax_number": {
            "country_code": 32,
            "national_number": 92295833
        },
        "phone_number": {
            "country_code": 358,
            "national_number": 663125511
        }
    },
    "summary": {
        "balance": 149.19
    }
}