[
    {
        "tag": "buyer.bill.address",
        "value": "80435 Mary Passage Apt. 573\nPort Cynthiaberg, CT 93318",
        "top": 465,
        "left": 86,
        "height": 123,
        "width": 494
    },
    {
        "tag": "buyer.bill.contact",
        "value": "Daniel Oliver",
        "top": 415,
        "left": 86,
        "height": 50,
        "width": 494
    },
    {
        "tag": "buyer.shipment.address",
        "value": "6103 Wilson Pass Suite 230\nJonesfurt, VT 75588",
        "top": 465,
        "left": 581,
        "height": 123,
        "width": 459
    },
    {
        "tag": "buyer.shipment.contact",
        "value": "Justin Moore",
        "top": 415,
        "left": 581,
        "height": 50,
        "width": 459
    },
    {
        "tag": "invoice_date",
        "value": "16 May, 1997",
        "top": 260,
        "left": 851,
        "height": 68,
        "width": 764
    },
    {
        "tag": "invoice_number",
        "value": "#229435",
        "top": 260,
        "left": 86,
        "height": 68,
        "width": 764
    },
    {
        "tag": "payment_terms",
        "value": "Payment 60 days after invoice date",
        "top": 415,
        "left": 1041,
        "height": 173,
        "width": 574
    },
    {
        "tag": "products.0.description",
        "value": "Giant 50'S Christmas Cracker",
        "top": 650,
        "left": 353,
        "height": 61,
        "width": 727
    },
    {
        "tag": "products.0.quantity",
        "value": "1",
        "top": 650,
        "left": 86,
        "height": 61,
        "width": 266
    },
    {
        "tag": "products.0.total",
        "value": "2.89",
        "top": 650,
        "left": 1348,
        "height": 61,
        "width": 267
    },
    {
        "tag": "products.0.unit_price",
        "value": "2.89",
        "top": 650,
        "left": 1081,
        "height": 52,
        "width": 266
    },
    {
        "tag": "products.1.description",
        "value": "Set 12 Colour Pencils Spaceboy ",
        "top": 712,
        "left": 353,
        "height": 62,
        "width": 727
    },
    {
        "tag": "products.1.quantity",
        "value": "7",
        "top": 712,
        "left": 86,
        "height": 62,
        "width": 266
    },
    {
        "tag": "products.1.total",
        "value": "4.55",
        "top": 712,
        "left": 1348,
        "height": 62,
        "width": 267
    },
    {
        "tag": "products.1.unit_price",
        "value": "0.65",
        "top": 712,
        "left": 1081,
        "height": 62,
        "width": 266
    },
    {
        "tag": "products.2.description",
        "value": "Heart Ivory Trellis Large",
        "top": 775,
        "left": 353,
        "height": 62,
        "width": 727
    },
    {
        "tag": "products.2.quantity",
        "value": "4",
        "top": 775,
        "left": 86,
        "height": 62,
        "width": 266
    },
    {
        "tag": "products.2.total",
        "value": "6.60",
        "top": 775,
        "left": 1348,
        "height": 62,
        "width": 267
    },
    {
        "tag": "products.2.unit_price",
        "value": "1.65",
        "top": 775,
        "left": 1081,
        "height": 62,
        "width": 266
    },
    {
        "tag": "products.3.description",
        "value": "Baking Mould Heart White Chocolate",
        "top": 838,
        "left": 353,
        "height": 61,
        "width": 727
    },
    {
        "tag": "products.3.quantity",
        "value": "10",
        "top": 838,
        "left": 86,
        "height": 61,
        "width": 266
    },
    {
        "tag": "products.3.total",
        "value": "25.50",
        "top": 838,
        "left": 1348,
        "height": 61,
        "width": 267
    },
    {
        "tag": "products.3.unit_price",
        "value": "2.55",
        "top": 838,
        "left": 1081,
        "height": 61,
        "width": 266
    },
    {
        "tag": "products.4.description",
        "value": "Grow Your Own Flowers Set Of 3",
        "top": 900,
        "left": 353,
        "height": 62,
        "width": 727
    },
    {
        "tag": "products.4.quantity",
        "value": "9",
        "top": 900,
        "left": 86,
        "height": 62,
        "width": 266
    },
    {
        "tag": "products.4.total",
        "value": "71.55",
        "top": 900,
        "left": 1348,
        "height": 62,
        "width": 267
    },
    {
        "tag": "products.4.unit_price",
        "value": "7.95",
        "top": 900,
        "left": 1081,
        "height": 62,
        "width": 266
    },
    {
        "tag": "products.5.description",
        "value": "Edwardian Parasol Black",
        "top": 963,
        "left": 353,
        "height": 62,
        "width": 727
    },
    {
        "tag": "products.5.quantity",
        "value": "10",
        "top": 963,
        "left": 86,
        "height": 62,
        "width": 266
    },
    {
        "tag": "products.5.total",
        "value": "124.60",
        "top": 963,
        "left": 1348,
        "height": 62,
        "width": 267
    },
    {
        "tag": "products.5.unit_price",
        "value": "12.46",
        "top": 963,
        "left": 1081,
        "height": 62,
        "width": 266
    },
    {
        "tag": "products.6.description",
        "value": "Plasters In Tin Vintage Paisley ",
        "top": 1026,
        "left": 353,
        "height": 52,
        "width": 727
    },
    {
        "tag": "products.6.quantity",
        "value": "8",
        "top": 1026,
        "left": 86,
        "height": 61,
        "width": 266
    },
    {
        "tag": "products.6.total",
        "value": "13.20",
        "top": 1026,
        "left": 1348,
        "height": 61,
        "width": 267
    },
    {
        "tag": "products.6.unit_price",
        "value": "1.65",
        "top": 1026,
        "left": 1081,
        "height": 61,
        "width": 266
    },
    {
        "tag": "seller.address",
        "value": "35555 Derek Track Apt. 685\nBrianview, TN 45785",
        "top": 124,
        "left": 86,
        "height": 68,
        "width": 636
    },
    {
        "tag": "seller.company.name",
        "value": "Rogers, Smith and Hobbs",
        "top": 86,
        "left": 86,
        "height": 38,
        "width": 636
    },
    {
        "tag": "seller.fax_number",
        "value": "+962 7 7953 7213",
        "top": 192,
        "left": 265,
        "height": 67,
        "width": 457
    },
    {
        "tag": "seller.phone_number",
        "value": "(680)854-4197",
        "top": 192,
        "left": 86,
        "height": 67,
        "width": 179
    },
    {
        "tag": "summary.balance",
        "value": "$ 300.46",
        "top": 1714,
        "left": 992,
        "height": 62,
        "width": 623
    },
    {
        "tag": "summary.shipping.price",
        "value": "3.53",
        "top": 1652,
        "left": 992,
        "height": 61,
        "width": 623
    },
    {
        "tag": "summary.subtotal",
        "value": "248.89",
        "top": 1528,
        "left": 992,
        "height": 60,
        "width": 623
    },
    {
        "tag": "summary.tax_total",
        "value": "48.04",
        "top": 1589,
        "left": 992,
        "height": 62,
        "width": 623
    }
]