[
    {
        "text": "Rogers,",
        "top": 92,
        "left": 97,
        "height": 30,
        "width": 83
    },
    {
        "text": "Smith",
        "top": 92,
        "left": 187,
        "height": 30,
        "width": 66
    },
    {
        "text": "and",
        "top": 92,
        "left": 261,
        "height": 30,
        "width": 42
    },
    {
        "text": "Hobbs",
        "top": 92,
        "left": 310,
        "height": 30,
        "width": 72
    },
    {
        "text": "35555",
        "top": 126,
        "left": 97,
        "height": 30,
        "width": 68
    },
    {
        "text": "Derek",
        "top": 126,
        "left": 172,
        "height": 30,
        "width": 66
    },
    {
        "text": "Track",
        "top": 126,
        "left": 245,
        "height": 30,
        "width": 65
    },
    {
        "text": "Apt.",
        "top": 126,
        "left": 317,
        "height": 30,
        "width": 45
    },
    {
        "text": "685",
        "top": 126,
        "left": 369,
        "height": 30,
        "width": 40
    },
    {
        "text": "Brianview,",
        "top": 159,
        "left": 97,
        "height": 30,
        "width": 120
    },
    {
        "text": "TN",
        "top": 159,
        "left": 224,
        "height": 30,
        "width": 33
    },
    {
        "text": "45785",
        "top": 159,
        "left": 264,
        "height": 30,
        "width": 68
    },
    {
        "text": "(680)854-4197",
        "top": 193,
        "left": 97,
        "height": 30,
        "width": 162
    },
    {
        "text": "+962",
        "top": 193,
        "left": 267,
        "height": 30,
        "width": 54
    },
    {
        "text": "7",
        "top": 193,
        "left": 328,
        "height": 30,
        "width": 13
    },
    {
        "text": "7953",
        "top": 193,
        "left": 348,
        "height": 30,
        "width": 54
    },
    {
        "text": "7213",
        "top": 193,
        "left": 409,
        "height": 30,
        "width": 54
    },
    {
        "text": "#229435",
        "top": 273,
        "left": 97,
        "height": 43,
        "width": 128
    },
    {
        "text": "BILL",
        "top": 368,
        "left": 97,
        "height": 43,
        "width": 75
    },
    {
        "text": "TO",
        "top": 368,
        "left": 183,
        "height": 43,
        "width": 44
    },
    {
        "text": "Daniel",
        "top": 422,
        "left": 97,
        "height": 43,
        "width": 101
    },
    {
        "text": "Oliver",
        "top": 422,
        "left": 209,
        "height": 43,
        "width": 96
    },
    {
        "text": "80435",
        "top": 466,
        "left": 97,
        "height": 43,
        "width": 91
    },
    {
        "text": "Mary",
        "top": 466,
        "left": 198,
        "height": 43,
        "width": 84
    },
    {
        "text": "Passage",
        "top": 466,
        "left": 293,
        "height": 43,
        "width": 126
    },
    {
        "text": "Apt.",
        "top": 466,
        "left": 429,
        "height": 43,
        "width": 64
    },
    {
        "text": "573",
        "top": 466,
        "left": 504,
        "height": 43,
        "width": 55
    },
    {
        "text": "Port",
        "top": 510,
        "left": 97,
        "height": 43,
        "width": 68
    },
    {
        "text": "Cynthiaberg,",
        "top": 510,
        "left": 175,
        "height": 43,
        "width": 199
    },
    {
        "text": "CT",
        "top": 510,
        "left": 384,
        "height": 43,
        "width": 41
    },
    {
        "text": "93318",
        "top": 510,
        "left": 435,
        "height": 43,
        "width": 91
    },
    {
        "text": "SHIP",
        "top": 368,
        "left": 592,
        "height": 43,
        "width": 77
    },
    {
        "text": "TO",
        "top": 368,
        "left": 679,
        "height": 43,
        "width": 44
    },
    {
        "text": "Justin",
        "top": 422,
        "left": 592,
        "height": 43,
        "width": 90
    },
    {
        "text": "Moore",
        "top": 422,
        "left": 692,
        "height": 43,
        "width": 103
    },
    {
        "text": "6103",
        "top": 466,
        "left": 592,
        "height": 43,
        "width": 73
    },
    {
        "text": "Wilson",
        "top": 466,
        "left": 675,
        "height": 43,
        "width": 111
    },
    {
        "text": "Pass",
        "top": 466,
        "left": 795,
        "height": 43,
        "width": 71
    },
    {
        "text": "Suite",
        "top": 466,
        "left": 876,
        "height": 43,
        "width": 77
    },
    {
        "text": "230",
        "top": 466,
        "left": 963,
        "height": 43,
        "width": 55
    },
    {
        "text": "Jonesfurt,",
        "top": 510,
        "left": 592,
        "height": 43,
        "width": 150
    },
    {
        "text": "VT",
        "top": 510,
        "left": 753,
        "height": 43,
        "width": 43
    },
    {
        "text": "75588",
        "top": 510,
        "left": 805,
        "height": 43,
        "width": 91
    },
    {
        "text": "DESCRIPTION",
        "top": 597,
        "left": 364,
        "height": 43,
        "width": 223
    },
    {
        "text": "Giant",
        "top": 660,
        "left": 364,
        "height": 43,
        "width": 87
    },
    {
        "text": "50'S",
        "top": 660,
        "left": 460,
        "height": 43,
        "width": 62
    },
    {
        "text": "Christmas",
        "top": 660,
        "left": 532,
        "height": 43,
        "width": 160
    },
    {
        "text": "Cracker",
        "top": 660,
        "left": 701,
        "height": 43,
        "width": 125
    },
    {
        "text": "Set",
        "top": 723,
        "left": 364,
        "height": 43,
        "width": 47
    },
    {
        "text": "12",
        "top": 723,
        "left": 420,
        "height": 43,
        "width": 36
    },
    {
        "text": "Colour",
        "top": 723,
        "left": 466,
        "height": 43,
        "width": 107
    },
    {
        "text": "Pencils",
        "top": 723,
        "left": 582,
        "height": 43,
        "width": 111
    },
    {
        "text": "Spaceboy",
        "top": 723,
        "left": 703,
        "height": 43,
        "width": 147
    },
    {
        "text": "Heart",
        "top": 785,
        "left": 364,
        "height": 43,
        "width": 90
    },
    {
        "text": "Ivory",
        "top": 785,
        "left": 463,
        "height": 43,
        "width": 83
    },
    {
        "text": "Trellis",
        "top": 785,
        "left": 556,
        "height": 43,
        "width": 99
    },
    {
        "text": "Large",
        "top": 785,
        "left": 665,
        "height": 43,
        "width": 91
    },
    {
        "text": "Baking",
        "top": 848,
        "left": 364,
        "height": 43,
        "width": 110
    },
    {
        "text": "Mould",
        "top": 848,
        "left": 483,
        "height": 43,
        "width": 101
    },
    {
        "text": "Heart",
        "top": 848,
        "left": 595,
        "height": 43,
        "width": 90
    },
    {
        "text": "White",
        "top": 848,
        "left": 694,
        "height": 43,
        "width": 94
    },
    {
        "text": "Chocolate",
        "top": 848,
        "left": 798,
        "height": 43,
        "width": 156
    },
    {
        "text": "Grow",
        "top": 910,
        "left": 364,
        "height": 43,
        "width": 86
    },
    {
        "text": "Your",
        "top": 910,
        "left": 460,
        "height": 43,
        "width": 73
    },
    {
        "text": "Own",
        "top": 910,
        "left": 543,
        "height": 43,
        "width": 71
    },
    {
        "text": "Flowers",
        "top": 910,
        "left": 624,
        "height": 43,
        "width": 125
    },
    {
        "text": "Set",
        "top": 910,
        "left": 758,
        "height": 43,
        "width": 47
    },
    {
        "text": "Of",
        "top": 910,
        "left": 815,
        "height": 43,
        "width": 34
    },
    {
        "text": "3",
        "top": 910,
        "left": 859,
        "height": 43,
        "width": 18
    },
    {
        "text": "Edwardian",
        "top": 973,
        "left": 364,
        "height": 43,
        "width": 174
    },
    {
        "text": "Parasol",
        "top": 973,
        "left": 547,
        "height": 43,
        "width": 121
    },
    {
        "text": "Black",
        "top": 973,
        "left": 679,
        "height": 43,
        "width": 87
    },
    {
        "text": "Plasters",
        "top": 1036,
        "left": 364,
        "height": 43,
        "width": 126
    },
    {
        "text": "In",
        "top": 1036,
        "left": 500,
        "height": 43,
        "width": 32
    },
    {
        "text": "Tin",
        "top": 1036,
        "left": 541,
        "height": 43,
        "width": 50
    },
    {
        "text": "Vintage",
        "top": 1036,
        "left": 601,
        "height": 43,
        "width": 120
    },
    {
        "text": "Paisley",
        "top": 1036,
        "left": 731,
        "height": 43,
        "width": 112
    },
    {
        "text": "QUANTITY",
        "top": 597,
        "left": 97,
        "height": 43,
        "width": 171
    },
    {
        "text": "1",
        "top": 660,
        "left": 97,
        "height": 43,
        "width": 18
    },
    {
        "text": "7",
        "top": 723,
        "left": 97,
        "height": 43,
        "width": 18
    },
    {
        "text": "4",
        "top": 785,
        "left": 97,
        "height": 43,
        "width": 18
    },
    {
        "text": "10",
        "top": 848,
        "left": 97,
        "height": 43,
        "width": 36
    },
    {
        "text": "9",
        "top": 910,
        "left": 97,
        "height": 43,
        "width": 18
    },
    {
        "text": "10",
        "top": 973,
        "left": 97,
        "height": 43,
        "width": 36
    },
    {
        "text": "8",
        "top": 1036,
        "left": 97,
        "height": 43,
        "width": 18
    },
    {
        "text": "SUBTOTAL",
        "top": 1537,
        "left": 97,
        "height": 43,
        "width": 171
    },
    {
        "text": "SALES",
        "top": 1599,
        "left": 97,
        "height": 43,
        "width": 103
    },
    {
        "text": "TAX",
        "top": 1599,
        "left": 210,
        "height": 43,
        "width": 64
    },
    {
        "text": "SHIPPING",
        "top": 1662,
        "left": 97,
        "height": 43,
        "width": 161
    },
    {
        "text": "&",
        "top": 1662,
        "left": 268,
        "height": 43,
        "width": 24
    },
    {
        "text": "HANDLING",
        "top": 1662,
        "left": 301,
        "height": 43,
        "width": 184
    },
    {
        "text": "TOTAL",
        "top": 1725,
        "left": 97,
        "height": 43,
        "width": 107
    },
    {
        "text": "DUE",
        "top": 1725,
        "left": 214,
        "height": 43,
        "width": 69
    },
    {
        "text": "BY",
        "top": 1725,
        "left": 294,
        "height": 43,
        "width": 40
    },
    {
        "text": "DATE",
        "top": 1725,
        "left": 344,
        "height": 43,
        "width": 87
    },
    {
        "text": "16",
        "top": 273,
        "left": 1396,
        "height": 43,
        "width": 36
    },
    {
        "text": "MAY,",
        "top": 273,
        "left": 1442,
        "height": 43,
        "width": 80
    },
    {
        "text": "1997",
        "top": 273,
        "left": 1532,
        "height": 43,
        "width": 73
    },
    {
        "text": "INSTRUCTIONS",
        "top": 368,
        "left": 1052,
        "height": 43,
        "width": 245
    },
    {
        "text": "Payment",
        "top": 422,
        "left": 1052,
        "height": 43,
        "width": 139
    },
    {
        "text": "60",
        "top": 422,
        "left": 1200,
        "height": 43,
        "width": 36
    },
    {
        "text": "days",
        "top": 422,
        "left": 1246,
        "height": 43,
        "width": 73
    },
    {
        "text": "after",
        "top": 422,
        "left": 1328,
        "height": 43,
        "width": 75
    },
    {
        "text": "invoice",
        "top": 422,
        "left": 1412,
        "height": 43,
        "width": 112
    },
    {
        "text": "date",
        "top": 422,
        "left": 1535,
        "height": 43,
        "width": 68
    },
    {
        "text": "UNIT",
        "top": 597,
        "left": 1145,
        "height": 43,
        "width": 82
    },
    {
        "text": "PRICE",
        "top": 597,
        "left": 1237,
        "height": 43,
        "width": 98
    },
    {
        "text": "2.89",
        "top": 660,
        "left": 1272,
        "height": 43,
        "width": 64
    },
    {
        "text": "0.65",
        "top": 723,
        "left": 1272,
        "height": 43,
        "width": 64
    },
    {
        "text": "1.65",
        "top": 785,
        "left": 1272,
        "height": 43,
        "width": 64
    },
    {
        "text": "2.55",
        "top": 848,
        "left": 1272,
        "height": 43,
        "width": 64
    },
    {
        "text": "7.95",
        "top": 910,
        "left": 1272,
        "height": 43,
        "width": 64
    },
    {
        "text": "12.46",
        "top": 973,
        "left": 1254,
        "height": 43,
        "width": 82
    },
    {
        "text": "1.65",
        "top": 1036,
        "left": 1272,
        "height": 43,
        "width": 64
    },
    {
        "text": "TOTAL",
        "top": 597,
        "left": 1497,
        "height": 43,
        "width": 107
    },
    {
        "text": "2.89",
        "top": 660,
        "left": 1541,
        "height": 43,
        "width": 64
    },
    {
        "text": "4.55",
        "top": 723,
        "left": 1541,
        "height": 43,
        "width": 64
    },
    {
        "text": "6.60",
        "top": 785,
        "left": 1541,
        "height": 43,
        "width": 64
    },
    {
        "text": "25.50",
        "top": 848,
        "left": 1523,
        "height": 43,
        "width": 82
    },
    {
        "text": "71.55",
        "top": 910,
        "left": 1523,
        "height": 43,
        "width": 82
    },
    {
        "text": "124.60",
        "top": 973,
        "left": 1504,
        "height": 43,
        "width": 101
    },
    {
        "text": "13.20",
        "top": 1036,
        "left": 1523,
        "height": 43,
        "width": 82
    },
    {
        "text": "248.89",
        "top": 1537,
        "left": 1504,
        "height": 43,
        "width": 101
    },
    {
        "text": "48.04",
        "top": 1599,
        "left": 1523,
        "height": 43,
        "width": 82
    },
    {
        "text": "3.53",
        "top": 1662,
        "left": 1541,
        "height": 43,
        "width": 64
    },
    {
        "text": "$",
        "top": 1725,
        "left": 1477,
        "height": 43,
        "width": 18
    },
    {
        "text": "300.46",
        "top": 1725,
        "left": 1504,
        "height": 43,
        "width": 101
    },
    {
        "text": "Thank",
        "top": 1841,
        "left": 608,
        "height": 43,
        "width": 98
    },
    {
        "text": "you",
        "top": 1841,
        "left": 716,
        "height": 43,
        "width": 58
    },
    {
        "text": "for",
        "top": 1841,
        "left": 783,
        "height": 43,
        "width": 46
    },
    {
        "text": "your",
        "top": 1841,
        "left": 838,
        "height": 43,
        "width": 73
    },
    {
        "text": "business!",
        "top": 1841,
        "left": 921,
        "height": 43,
        "width": 142
    }
]