[
    {
        "text": "Smith",
        "top": 243,
        "left": 162,
        "height": 41,
        "width": 90
    },
    {
        "text": "Ltd",
        "top": 243,
        "left": 260,
        "height": 41,
        "width": 47
    },
    {
        "text": "16482",
        "top": 289,
        "left": 162,
        "height": 41,
        "width": 81
    },
    {
        "text": "James",
        "top": 289,
        "left": 251,
        "height": 41,
        "width": 96
    },
    {
        "text": "Ports",
        "top": 289,
        "left": 355,
        "height": 41,
        "width": 73
    },
    {
        "text": "Suite",
        "top": 289,
        "left": 437,
        "height": 41,
        "width": 74
    },
    {
        "text": "005",
        "top": 289,
        "left": 520,
        "height": 41,
        "width": 49
    },
    {
        "text": "Hendricksburgh,",
        "top": 330,
        "left": 162,
        "height": 41,
        "width": 241
    },
    {
        "text": "CT",
        "top": 330,
        "left": 412,
        "height": 41,
        "width": 40
    },
    {
        "text": "62202",
        "top": 330,
        "left": 462,
        "height": 41,
        "width": 83
    },
    {
        "text": "+34",
        "top": 393,
        "left": 162,
        "height": 41,
        "width": 51
    },
    {
        "text": "705358093",
        "top": 393,
        "left": 222,
        "height": 41,
        "width": 150
    },
    {
        "text": "mmitchell@moore.org",
        "top": 460,
        "left": 162,
        "height": 41,
        "width": 325
    },
    {
        "text": "carter.biz",
        "top": 510,
        "left": 162,
        "height": 41,
        "width": 132
    },
    {
        "text": "Olson-Sandoval",
        "top": 243,
        "left": 1306,
        "height": 41,
        "width": 231
    },
    {
        "text": "Alex",
        "top": 310,
        "left": 1339,
        "height": 41,
        "width": 66
    },
    {
        "text": "Fleming",
        "top": 310,
        "left": 1414,
        "height": 41,
        "width": 123
    },
    {
        "text": "04688",
        "top": 372,
        "left": 1146,
        "height": 41,
        "width": 85
    },
    {
        "text": "Kevin",
        "top": 372,
        "left": 1240,
        "height": 41,
        "width": 86
    },
    {
        "text": "Ford",
        "top": 372,
        "left": 1335,
        "height": 41,
        "width": 66
    },
    {
        "text": "Apt.",
        "top": 372,
        "left": 1410,
        "height": 41,
        "width": 59
    },
    {
        "text": "634",
        "top": 372,
        "left": 1477,
        "height": 41,
        "width": 51
    },
    {
        "text": "New",
        "top": 414,
        "left": 1240,
        "height": 41,
        "width": 67
    },
    {
        "text": "Katie,",
        "top": 414,
        "left": 1315,
        "height": 41,
        "width": 80
    },
    {
        "text": "VT",
        "top": 414,
        "left": 1404,
        "height": 41,
        "width": 42
    },
    {
        "text": "58714",
        "top": 414,
        "left": 1456,
        "height": 41,
        "width": 80
    },
    {
        "text": "+918452663186",
        "top": 460,
        "left": 1327,
        "height": 41,
        "width": 210
    },
    {
        "text": "brookeanderson@peterson-powers.biz",
        "top": 510,
        "left": 979,
        "height": 41,
        "width": 557
    },
    {
        "text": "Invoice",
        "top": 657,
        "left": 170,
        "height": 41,
        "width": 108
    },
    {
        "text": "Number:",
        "top": 657,
        "left": 286,
        "height": 41,
        "width": 124
    },
    {
        "text": "#69072",
        "top": 657,
        "left": 472,
        "height": 41,
        "width": 102
    },
    {
        "text": "Issue",
        "top": 657,
        "left": 653,
        "height": 41,
        "width": 72
    },
    {
        "text": "Date:",
        "top": 657,
        "left": 734,
        "height": 41,
        "width": 70
    },
    {
        "text": "11/16/1999",
        "top": 657,
        "left": 890,
        "height": 41,
        "width": 142
    },
    {
        "text": "Expiry",
        "top": 657,
        "left": 1109,
        "height": 41,
        "width": 97
    },
    {
        "text": "Date:",
        "top": 657,
        "left": 1215,
        "height": 41,
        "width": 70
    },
    {
        "text": "12/16/1999",
        "top": 657,
        "left": 1359,
        "height": 41,
        "width": 146
    },
    {
        "text": "Item",
        "top": 826,
        "left": 211,
        "height": 41,
        "width": 65
    },
    {
        "text": "#",
        "top": 826,
        "left": 286,
        "height": 41,
        "width": 19
    },
    {
        "text": "Description",
        "top": 826,
        "left": 517,
        "height": 41,
        "width": 168
    },
    {
        "text": "Quantity",
        "top": 826,
        "left": 881,
        "height": 41,
        "width": 128
    },
    {
        "text": "Unit",
        "top": 826,
        "left": 1100,
        "height": 41,
        "width": 65
    },
    {
        "text": "Price",
        "top": 826,
        "left": 1173,
        "height": 41,
        "width": 74
    },
    {
        "text": "8004",
        "top": 913,
        "left": 225,
        "height": 41,
        "width": 67
    },
    {
        "text": "1033",
        "top": 1001,
        "left": 228,
        "height": 41,
        "width": 62
    },
    {
        "text": "3992",
        "top": 1088,
        "left": 226,
        "height": 41,
        "width": 66
    },
    {
        "text": "6429",
        "top": 1176,
        "left": 225,
        "height": 41,
        "width": 69
    },
    {
        "text": "8023",
        "top": 1263,
        "left": 226,
        "height": 41,
        "width": 66
    },
    {
        "text": "Ivory",
        "top": 913,
        "left": 456,
        "height": 41,
        "width": 74
    },
    {
        "text": "kitchen",
        "top": 913,
        "left": 539,
        "height": 41,
        "width": 111
    },
    {
        "text": "scales",
        "top": 913,
        "left": 660,
        "height": 41,
        "width": 88
    },
    {
        "text": "French",
        "top": 1001,
        "left": 386,
        "height": 41,
        "width": 105
    },
    {
        "text": "paisley",
        "top": 1001,
        "left": 499,
        "height": 41,
        "width": 103
    },
    {
        "text": "cushion",
        "top": 1001,
        "left": 611,
        "height": 41,
        "width": 116
    },
    {
        "text": "cover",
        "top": 1001,
        "left": 736,
        "height": 41,
        "width": 81
    },
    {
        "text": "Sweet",
        "top": 1088,
        "left": 424,
        "height": 41,
        "width": 90
    },
    {
        "text": "heart",
        "top": 1088,
        "left": 522,
        "height": 41,
        "width": 75
    },
    {
        "text": "cake",
        "top": 1088,
        "left": 605,
        "height": 41,
        "width": 68
    },
    {
        "text": "carrier",
        "top": 1088,
        "left": 682,
        "height": 41,
        "width": 98
    },
    {
        "text": "Watering",
        "top": 1176,
        "left": 401,
        "height": 41,
        "width": 136
    },
    {
        "text": "can",
        "top": 1176,
        "left": 544,
        "height": 41,
        "width": 53
    },
    {
        "text": "blue",
        "top": 1176,
        "left": 607,
        "height": 41,
        "width": 60
    },
    {
        "text": "elephant",
        "top": 1176,
        "left": 676,
        "height": 41,
        "width": 127
    },
    {
        "text": "Doormat",
        "top": 1263,
        "left": 405,
        "height": 41,
        "width": 125
    },
    {
        "text": "multicolour",
        "top": 1263,
        "left": 538,
        "height": 41,
        "width": 168
    },
    {
        "text": "stripe",
        "top": 1263,
        "left": 715,
        "height": 41,
        "width": 83
    },
    {
        "text": "1",
        "top": 913,
        "left": 939,
        "height": 41,
        "width": 12
    },
    {
        "text": "5",
        "top": 1001,
        "left": 937,
        "height": 41,
        "width": 16
    },
    {
        "text": "9",
        "top": 1088,
        "left": 937,
        "height": 41,
        "width": 17
    },
    {
        "text": "9",
        "top": 1176,
        "left": 937,
        "height": 41,
        "width": 17
    },
    {
        "text": "4",
        "top": 1263,
        "left": 936,
        "height": 41,
        "width": 17
    },
    {
        "text": "8.50",
        "top": 913,
        "left": 1146,
        "height": 41,
        "width": 57
    },
    {
        "text": "3.29",
        "top": 1001,
        "left": 1146,
        "height": 41,
        "width": 56
    },
    {
        "text": "9.95",
        "top": 1088,
        "left": 1146,
        "height": 41,
        "width": 55
    },
    {
        "text": "1.95",
        "top": 1176,
        "left": 1148,
        "height": 41,
        "width": 51
    },
    {
        "text": "14.43",
        "top": 1263,
        "left": 1138,
        "height": 41,
        "width": 73
    },
    {
        "text": "Total",
        "top": 826,
        "left": 1387,
        "height": 41,
        "width": 71
    },
    {
        "text": "8.50",
        "top": 913,
        "left": 1394,
        "height": 41,
        "width": 57
    },
    {
        "text": "16.45",
        "top": 1001,
        "left": 1387,
        "height": 41,
        "width": 70
    },
    {
        "text": "89.55",
        "top": 1088,
        "left": 1386,
        "height": 41,
        "width": 72
    },
    {
        "text": "17.55",
        "top": 1176,
        "left": 1388,
        "height": 41,
        "width": 68
    },
    {
        "text": "57.72",
        "top": 1263,
        "left": 1386,
        "height": 41,
        "width": 73
    },
    {
        "text": "Subtotal",
        "top": 1644,
        "left": 1160,
        "height": 41,
        "width": 117
    },
    {
        "text": "Tax",
        "top": 1694,
        "left": 1223,
        "height": 41,
        "width": 53
    },
    {
        "text": "189.77",
        "top": 1644,
        "left": 1380,
        "height": 41,
        "width": 85
    },
    {
        "text": "35.30",
        "top": 1694,
        "left": 1387,
        "height": 41,
        "width": 73
    },
    {
        "text": "TOTAL",
        "top": 1794,
        "left": 1110,
        "height": 67,
        "width": 166
    },
    {
        "text": "$",
        "top": 1807,
        "left": 1307,
        "height": 43,
        "width": 17
    },
    {
        "text": "225.07",
        "top": 1807,
        "left": 1334,
        "height": 43,
        "width": 99
    }
]