[
    {
        "text": "Mooney,",
        "top": 241,
        "left": 162,
        "height": 36,
        "width": 102
    },
    {
        "text": "Weber",
        "top": 241,
        "left": 270,
        "height": 36,
        "width": 79
    },
    {
        "text": "and",
        "top": 241,
        "left": 355,
        "height": 36,
        "width": 49
    },
    {
        "text": "Rogers",
        "top": 241,
        "left": 412,
        "height": 36,
        "width": 85
    },
    {
        "text": "1795",
        "top": 285,
        "left": 162,
        "height": 36,
        "width": 59
    },
    {
        "text": "John",
        "top": 285,
        "left": 226,
        "height": 36,
        "width": 58
    },
    {
        "text": "Street",
        "top": 285,
        "left": 291,
        "height": 36,
        "width": 72
    },
    {
        "text": "West",
        "top": 322,
        "left": 162,
        "height": 36,
        "width": 62
    },
    {
        "text": "Jeffreyberg,",
        "top": 322,
        "left": 230,
        "height": 36,
        "width": 140
    },
    {
        "text": "KS",
        "top": 322,
        "left": 376,
        "height": 36,
        "width": 34
    },
    {
        "text": "84899",
        "top": 322,
        "left": 416,
        "height": 36,
        "width": 74
    },
    {
        "text": "+1-206-465-5231x9088",
        "top": 379,
        "left": 162,
        "height": 36,
        "width": 273
    },
    {
        "text": "christinecrawford@christensen.com",
        "top": 441,
        "left": 162,
        "height": 36,
        "width": 454
    },
    {
        "text": "wilson.com",
        "top": 491,
        "left": 162,
        "height": 36,
        "width": 141
    },
    {
        "text": "Hall,",
        "top": 241,
        "left": 1252,
        "height": 36,
        "width": 61
    },
    {
        "text": "Stout",
        "top": 241,
        "left": 1319,
        "height": 36,
        "width": 66
    },
    {
        "text": "and",
        "top": 241,
        "left": 1392,
        "height": 36,
        "width": 49
    },
    {
        "text": "Wilson",
        "top": 241,
        "left": 1448,
        "height": 36,
        "width": 89
    },
    {
        "text": "Margaret",
        "top": 304,
        "left": 1308,
        "height": 36,
        "width": 120
    },
    {
        "text": "Stafford",
        "top": 304,
        "left": 1435,
        "height": 36,
        "width": 101
    },
    {
        "text": "0061",
        "top": 360,
        "left": 1260,
        "height": 36,
        "width": 59
    },
    {
        "text": "Brandon",
        "top": 360,
        "left": 1325,
        "height": 36,
        "width": 112
    },
    {
        "text": "Unions",
        "top": 360,
        "left": 1444,
        "height": 36,
        "width": 87
    },
    {
        "text": "Tamaraborough,",
        "top": 397,
        "left": 1204,
        "height": 36,
        "width": 215
    },
    {
        "text": "CT",
        "top": 397,
        "left": 1425,
        "height": 36,
        "width": 33
    },
    {
        "text": "93380",
        "top": 397,
        "left": 1464,
        "height": 36,
        "width": 74
    },
    {
        "text": "+48",
        "top": 441,
        "left": 1337,
        "height": 36,
        "width": 44
    },
    {
        "text": "22",
        "top": 441,
        "left": 1387,
        "height": 36,
        "width": 30
    },
    {
        "text": "404",
        "top": 441,
        "left": 1423,
        "height": 36,
        "width": 44
    },
    {
        "text": "98",
        "top": 441,
        "left": 1473,
        "height": 36,
        "width": 30
    },
    {
        "text": "51",
        "top": 441,
        "left": 1508,
        "height": 36,
        "width": 30
    },
    {
        "text": "scott02@brown.com",
        "top": 491,
        "left": 1283,
        "height": 36,
        "width": 254
    },
    {
        "text": "Invoice",
        "top": 631,
        "left": 186,
        "height": 36,
        "width": 90
    },
    {
        "text": "Number:",
        "top": 631,
        "left": 282,
        "height": 36,
        "width": 110
    },
    {
        "text": "#31514",
        "top": 631,
        "left": 476,
        "height": 36,
        "width": 88
    },
    {
        "text": "Issue",
        "top": 631,
        "left": 656,
        "height": 36,
        "width": 65
    },
    {
        "text": "Date:",
        "top": 631,
        "left": 727,
        "height": 36,
        "width": 66
    },
    {
        "text": "19",
        "top": 631,
        "left": 881,
        "height": 36,
        "width": 30
    },
    {
        "text": "Apr,",
        "top": 631,
        "left": 916,
        "height": 36,
        "width": 54
    },
    {
        "text": "2006",
        "top": 631,
        "left": 977,
        "height": 36,
        "width": 59
    },
    {
        "text": "Expiry",
        "top": 631,
        "left": 1117,
        "height": 36,
        "width": 83
    },
    {
        "text": "Date:",
        "top": 631,
        "left": 1207,
        "height": 36,
        "width": 66
    },
    {
        "text": "29",
        "top": 631,
        "left": 1353,
        "height": 36,
        "width": 30
    },
    {
        "text": "Apr,",
        "top": 631,
        "left": 1389,
        "height": 36,
        "width": 54
    },
    {
        "text": "2006",
        "top": 631,
        "left": 1449,
        "height": 36,
        "width": 59
    },
    {
        "text": "Item",
        "top": 791,
        "left": 216,
        "height": 36,
        "width": 58
    },
    {
        "text": "#",
        "top": 791,
        "left": 281,
        "height": 36,
        "width": 15
    },
    {
        "text": "Description",
        "top": 791,
        "left": 537,
        "height": 36,
        "width": 143
    },
    {
        "text": "Quantity",
        "top": 791,
        "left": 904,
        "height": 36,
        "width": 114
    },
    {
        "text": "Unit",
        "top": 791,
        "left": 1122,
        "height": 36,
        "width": 54
    },
    {
        "text": "Price",
        "top": 791,
        "left": 1183,
        "height": 36,
        "width": 63
    },
    {
        "text": "2457",
        "top": 878,
        "left": 228,
        "height": 36,
        "width": 59
    },
    {
        "text": "5040",
        "top": 966,
        "left": 228,
        "height": 36,
        "width": 59
    },
    {
        "text": "6383",
        "top": 1053,
        "left": 228,
        "height": 36,
        "width": 59
    },
    {
        "text": "5761",
        "top": 1141,
        "left": 228,
        "height": 36,
        "width": 59
    },
    {
        "text": "1345",
        "top": 1228,
        "left": 228,
        "height": 36,
        "width": 59
    },
    {
        "text": "3075",
        "top": 1316,
        "left": 228,
        "height": 36,
        "width": 59
    },
    {
        "text": "Wooden",
        "top": 878,
        "left": 396,
        "height": 36,
        "width": 102
    },
    {
        "text": "Happy",
        "top": 878,
        "left": 504,
        "height": 36,
        "width": 85
    },
    {
        "text": "Birthday",
        "top": 878,
        "left": 595,
        "height": 36,
        "width": 114
    },
    {
        "text": "Garland",
        "top": 878,
        "left": 716,
        "height": 36,
        "width": 105
    },
    {
        "text": "Pack",
        "top": 966,
        "left": 412,
        "height": 36,
        "width": 61
    },
    {
        "text": "Of",
        "top": 966,
        "left": 479,
        "height": 36,
        "width": 29
    },
    {
        "text": "12",
        "top": 966,
        "left": 514,
        "height": 36,
        "width": 30
    },
    {
        "text": "Traditional",
        "top": 966,
        "left": 550,
        "height": 36,
        "width": 145
    },
    {
        "text": "Crayons",
        "top": 966,
        "left": 702,
        "height": 36,
        "width": 104
    },
    {
        "text": "Red",
        "top": 1053,
        "left": 426,
        "height": 36,
        "width": 47
    },
    {
        "text": "Retrospot",
        "top": 1053,
        "left": 480,
        "height": 36,
        "width": 122
    },
    {
        "text": "Small",
        "top": 1053,
        "left": 609,
        "height": 36,
        "width": 73
    },
    {
        "text": "Milk",
        "top": 1053,
        "left": 688,
        "height": 36,
        "width": 57
    },
    {
        "text": "Jug",
        "top": 1053,
        "left": 751,
        "height": 36,
        "width": 42
    },
    {
        "text": "Large",
        "top": 1141,
        "left": 401,
        "height": 36,
        "width": 74
    },
    {
        "text": "Yellow",
        "top": 1141,
        "left": 480,
        "height": 36,
        "width": 81
    },
    {
        "text": "Babushka",
        "top": 1141,
        "left": 567,
        "height": 36,
        "width": 126
    },
    {
        "text": "Notebook",
        "top": 1141,
        "left": 701,
        "height": 36,
        "width": 118
    },
    {
        "text": "Wooden",
        "top": 1228,
        "left": 381,
        "height": 36,
        "width": 102
    },
    {
        "text": "Picture",
        "top": 1228,
        "left": 489,
        "height": 36,
        "width": 90
    },
    {
        "text": "Frame",
        "top": 1228,
        "left": 585,
        "height": 36,
        "width": 84
    },
    {
        "text": "White",
        "top": 1228,
        "left": 675,
        "height": 36,
        "width": 78
    },
    {
        "text": "Finish",
        "top": 1228,
        "left": 758,
        "height": 36,
        "width": 79
    },
    {
        "text": "Recipe",
        "top": 1316,
        "left": 392,
        "height": 36,
        "width": 82
    },
    {
        "text": "Box",
        "top": 1316,
        "left": 480,
        "height": 36,
        "width": 48
    },
    {
        "text": "Blue",
        "top": 1316,
        "left": 534,
        "height": 36,
        "width": 57
    },
    {
        "text": "Sketchbook",
        "top": 1316,
        "left": 596,
        "height": 36,
        "width": 140
    },
    {
        "text": "Design",
        "top": 1316,
        "left": 742,
        "height": 36,
        "width": 83
    },
    {
        "text": "3",
        "top": 878,
        "left": 954,
        "height": 36,
        "width": 15
    },
    {
        "text": "2",
        "top": 966,
        "left": 954,
        "height": 36,
        "width": 15
    },
    {
        "text": "5",
        "top": 1053,
        "left": 954,
        "height": 36,
        "width": 15
    },
    {
        "text": "3",
        "top": 1141,
        "left": 954,
        "height": 36,
        "width": 15
    },
    {
        "text": "7",
        "top": 1228,
        "left": 954,
        "height": 36,
        "width": 15
    },
    {
        "text": "2",
        "top": 1316,
        "left": 954,
        "height": 36,
        "width": 15
    },
    {
        "text": "2.95",
        "top": 878,
        "left": 1159,
        "height": 36,
        "width": 51
    },
    {
        "text": "0.42",
        "top": 966,
        "left": 1159,
        "height": 36,
        "width": 51
    },
    {
        "text": "2.55",
        "top": 1053,
        "left": 1159,
        "height": 36,
        "width": 51
    },
    {
        "text": "1.25",
        "top": 1141,
        "left": 1159,
        "height": 36,
        "width": 51
    },
    {
        "text": "4.96",
        "top": 1228,
        "left": 1159,
        "height": 36,
        "width": 51
    },
    {
        "text": "2.95",
        "top": 1316,
        "left": 1159,
        "height": 36,
        "width": 51
    },
    {
        "text": "Total",
        "top": 791,
        "left": 1392,
        "height": 36,
        "width": 66
    },
    {
        "text": "8.85",
        "top": 878,
        "left": 1400,
        "height": 36,
        "width": 51
    },
    {
        "text": "0.84",
        "top": 966,
        "left": 1400,
        "height": 36,
        "width": 51
    },
    {
        "text": "12.75",
        "top": 1053,
        "left": 1393,
        "height": 36,
        "width": 65
    },
    {
        "text": "3.75",
        "top": 1141,
        "left": 1400,
        "height": 36,
        "width": 51
    },
    {
        "text": "34.72",
        "top": 1228,
        "left": 1393,
        "height": 36,
        "width": 65
    },
    {
        "text": "5.90",
        "top": 1316,
        "left": 1400,
        "height": 36,
        "width": 51
    },
    {
        "text": "Subtotal",
        "top": 1609,
        "left": 1177,
        "height": 36,
        "width": 106
    },
    {
        "text": "Tax",
        "top": 1659,
        "left": 1235,
        "height": 36,
        "width": 48
    },
    {
        "text": "66.81",
        "top": 1609,
        "left": 1394,
        "height": 36,
        "width": 65
    },
    {
        "text": "5.01",
        "top": 1659,
        "left": 1401,
        "height": 36,
        "width": 51
    },
    {
        "text": "TOTAL",
        "top": 1762,
        "left": 1135,
        "height": 60,
        "width": 147
    },
    {
        "text": "$",
        "top": 1768,
        "left": 1313,
        "height": 43,
        "width": 18
    },
    {
        "text": "71.82",
        "top": 1768,
        "left": 1340,
        "height": 43,
        "width": 83
    }
]