[
    {
        "text": "INVOICE",
        "top": 142,
        "left": 115,
        "height": 74,
        "width": 246
    },
    {
        "text": "Bill",
        "top": 224,
        "left": 115,
        "height": 48,
        "width": 59
    },
    {
        "text": "From",
        "top": 224,
        "left": 186,
        "height": 48,
        "width": 88
    },
    {
        "text": "Lisa",
        "top": 278,
        "left": 115,
        "height": 41,
        "width": 58
    },
    {
        "text": "Montoya",
        "top": 278,
        "left": 182,
        "height": 41,
        "width": 129
    },
    {
        "text": ",",
        "top": 278,
        "left": 320,
        "height": 41,
        "width": 7
    },
    {
        "text": "Yates,",
        "top": 278,
        "left": 336,
        "height": 41,
        "width": 85
    },
    {
        "text": "Taylor",
        "top": 278,
        "left": 430,
        "height": 41,
        "width": 91
    },
    {
        "text": "and",
        "top": 278,
        "left": 530,
        "height": 41,
        "width": 54
    },
    {
        "text": "Wood",
        "top": 278,
        "left": 593,
        "height": 41,
        "width": 89
    },
    {
        "text": "5289",
        "top": 319,
        "left": 115,
        "height": 41,
        "width": 74
    },
    {
        "text": "Morgan",
        "top": 319,
        "left": 199,
        "height": 41,
        "width": 111
    },
    {
        "text": "Walks",
        "top": 319,
        "left": 320,
        "height": 41,
        "width": 92
    },
    {
        "text": ",",
        "top": 319,
        "left": 420,
        "height": 41,
        "width": 7
    },
    {
        "text": "East",
        "top": 319,
        "left": 436,
        "height": 41,
        "width": 62
    },
    {
        "text": "Melissa,",
        "top": 319,
        "left": 507,
        "height": 41,
        "width": 116
    },
    {
        "text": "KY",
        "top": 319,
        "left": 632,
        "height": 41,
        "width": 40
    },
    {
        "text": "34561",
        "top": 319,
        "left": 680,
        "height": 41,
        "width": 93
    },
    {
        "text": "325-285-0965",
        "top": 361,
        "left": 115,
        "height": 41,
        "width": 216
    },
    {
        "text": "Bill",
        "top": 482,
        "left": 115,
        "height": 48,
        "width": 59
    },
    {
        "text": "To",
        "top": 482,
        "left": 186,
        "height": 48,
        "width": 42
    },
    {
        "text": "John",
        "top": 536,
        "left": 115,
        "height": 41,
        "width": 68
    },
    {
        "text": "Lambert",
        "top": 536,
        "left": 193,
        "height": 41,
        "width": 122
    },
    {
        "text": ",",
        "top": 536,
        "left": 324,
        "height": 41,
        "width": 7
    },
    {
        "text": "Johnson",
        "top": 536,
        "left": 340,
        "height": 41,
        "width": 120
    },
    {
        "text": "LLC",
        "top": 536,
        "left": 470,
        "height": 41,
        "width": 56
    },
    {
        "text": "1216",
        "top": 578,
        "left": 115,
        "height": 41,
        "width": 74
    },
    {
        "text": "Suarez",
        "top": 578,
        "left": 199,
        "height": 41,
        "width": 100
    },
    {
        "text": "Tunnel",
        "top": 578,
        "left": 307,
        "height": 41,
        "width": 99
    },
    {
        "text": "Apt.",
        "top": 578,
        "left": 415,
        "height": 41,
        "width": 62
    },
    {
        "text": "333",
        "top": 578,
        "left": 486,
        "height": 41,
        "width": 55
    },
    {
        "text": ",",
        "top": 578,
        "left": 551,
        "height": 41,
        "width": 7
    },
    {
        "text": "South",
        "top": 619,
        "left": 115,
        "height": 41,
        "width": 88
    },
    {
        "text": "Victoriachester,",
        "top": 619,
        "left": 213,
        "height": 41,
        "width": 230
    },
    {
        "text": "GA",
        "top": 619,
        "left": 453,
        "height": 41,
        "width": 45
    },
    {
        "text": "93458",
        "top": 619,
        "left": 507,
        "height": 41,
        "width": 93
    },
    {
        "text": "+962778250152",
        "top": 661,
        "left": 115,
        "height": 41,
        "width": 243
    },
    {
        "text": "Description",
        "top": 849,
        "left": 231,
        "height": 48,
        "width": 192
    },
    {
        "text": "1421",
        "top": 928,
        "left": 116,
        "height": 48,
        "width": 84
    },
    {
        "text": "Pink",
        "top": 928,
        "left": 233,
        "height": 48,
        "width": 74
    },
    {
        "text": "blue",
        "top": 928,
        "left": 317,
        "height": 48,
        "width": 73
    },
    {
        "text": "felt",
        "top": 928,
        "left": 400,
        "height": 48,
        "width": 60
    },
    {
        "text": "craft",
        "top": 928,
        "left": 471,
        "height": 48,
        "width": 77
    },
    {
        "text": "trinket",
        "top": 928,
        "left": 558,
        "height": 48,
        "width": 112
    },
    {
        "text": "box",
        "top": 928,
        "left": 681,
        "height": 48,
        "width": 61
    },
    {
        "text": "Terms",
        "top": 1576,
        "left": 223,
        "height": 48,
        "width": 103
    },
    {
        "text": "and",
        "top": 1576,
        "left": 335,
        "height": 48,
        "width": 61
    },
    {
        "text": "conditions",
        "top": 1576,
        "left": 406,
        "height": 48,
        "width": 173
    },
    {
        "text": "Payment",
        "top": 1680,
        "left": 115,
        "height": 41,
        "width": 128
    },
    {
        "text": "90",
        "top": 1680,
        "left": 253,
        "height": 41,
        "width": 37
    },
    {
        "text": "days",
        "top": 1680,
        "left": 299,
        "height": 41,
        "width": 67
    },
    {
        "text": "after",
        "top": 1680,
        "left": 374,
        "height": 41,
        "width": 70
    },
    {
        "text": "invoice",
        "top": 1680,
        "left": 453,
        "height": 41,
        "width": 102
    },
    {
        "text": "date",
        "top": 1680,
        "left": 563,
        "height": 41,
        "width": 64
    },
    {
        "text": "Invoice:",
        "top": 530,
        "left": 1310,
        "height": 41,
        "width": 110
    },
    {
        "text": "#898146",
        "top": 530,
        "left": 1428,
        "height": 41,
        "width": 130
    },
    {
        "text": "Invoice",
        "top": 571,
        "left": 1197,
        "height": 41,
        "width": 102
    },
    {
        "text": "date:",
        "top": 571,
        "left": 1307,
        "height": 41,
        "width": 72
    },
    {
        "text": "06/24/2021",
        "top": 571,
        "left": 1389,
        "height": 41,
        "width": 170
    },
    {
        "text": "Due",
        "top": 613,
        "left": 1239,
        "height": 41,
        "width": 60
    },
    {
        "text": "date:",
        "top": 613,
        "left": 1307,
        "height": 41,
        "width": 72
    },
    {
        "text": "09/22/2021",
        "top": 613,
        "left": 1389,
        "height": 41,
        "width": 170
    },
    {
        "text": "Qty",
        "top": 849,
        "left": 976,
        "height": 48,
        "width": 62
    },
    {
        "text": "2",
        "top": 928,
        "left": 997,
        "height": 48,
        "width": 21
    },
    {
        "text": "Price",
        "top": 849,
        "left": 1195,
        "height": 48,
        "width": 84
    },
    {
        "text": "2.46",
        "top": 928,
        "left": 1203,
        "height": 48,
        "width": 71
    },
    {
        "text": "Subtotal",
        "top": 1166,
        "left": 1193,
        "height": 48,
        "width": 145
    },
    {
        "text": "Sales",
        "top": 1245,
        "left": 1085,
        "height": 48,
        "width": 90
    },
    {
        "text": "Tax",
        "top": 1245,
        "left": 1185,
        "height": 48,
        "width": 59
    },
    {
        "text": "5.4%",
        "top": 1245,
        "left": 1255,
        "height": 48,
        "width": 84
    },
    {
        "text": "Shipping",
        "top": 1324,
        "left": 991,
        "height": 48,
        "width": 149
    },
    {
        "text": "&",
        "top": 1324,
        "left": 1149,
        "height": 48,
        "width": 26
    },
    {
        "text": "Handling",
        "top": 1324,
        "left": 1187,
        "height": 48,
        "width": 153
    },
    {
        "text": "Total",
        "top": 849,
        "left": 1497,
        "height": 48,
        "width": 87
    },
    {
        "text": "4.92",
        "top": 928,
        "left": 1514,
        "height": 48,
        "width": 71
    },
    {
        "text": "4.92",
        "top": 1166,
        "left": 1514,
        "height": 48,
        "width": 71
    },
    {
        "text": "0.27",
        "top": 1245,
        "left": 1514,
        "height": 48,
        "width": 71
    },
    {
        "text": "5.65",
        "top": 1324,
        "left": 1514,
        "height": 48,
        "width": 71
    },
    {
        "text": "Total",
        "top": 1403,
        "left": 1174,
        "height": 48,
        "width": 87
    },
    {
        "text": "Due",
        "top": 1403,
        "left": 1272,
        "height": 48,
        "width": 67
    },
    {
        "text": "$",
        "top": 1403,
        "left": 1462,
        "height": 48,
        "width": 21
    },
    {
        "text": "10.84",
        "top": 1403,
        "left": 1493,
        "height": 48,
        "width": 92
    },
    {
        "text": "Please",
        "top": 1576,
        "left": 1008,
        "height": 48,
        "width": 109
    },
    {
        "text": "make",
        "top": 1576,
        "left": 1127,
        "height": 48,
        "width": 88
    },
    {
        "text": "a",
        "top": 1576,
        "left": 1225,
        "height": 48,
        "width": 20
    },
    {
        "text": "payment",
        "top": 1576,
        "left": 1254,
        "height": 48,
        "width": 143
    },
    {
        "text": "to",
        "top": 1576,
        "left": 1408,
        "height": 48,
        "width": 35
    },
    {
        "text": "Bene\ufb01ciary",
        "top": 1680,
        "left": 1104,
        "height": 41,
        "width": 162
    },
    {
        "text": "Name:",
        "top": 1680,
        "left": 1275,
        "height": 41,
        "width": 91
    },
    {
        "text": "Justin",
        "top": 1680,
        "left": 1375,
        "height": 41,
        "width": 84
    },
    {
        "text": "Watson",
        "top": 1680,
        "left": 1469,
        "height": 41,
        "width": 113
    },
    {
        "text": "Bene\ufb01ciary",
        "top": 1721,
        "left": 1000,
        "height": 41,
        "width": 162
    },
    {
        "text": "Account",
        "top": 1721,
        "left": 1171,
        "height": 41,
        "width": 120
    },
    {
        "text": "Number:",
        "top": 1721,
        "left": 1300,
        "height": 41,
        "width": 124
    },
    {
        "text": "63308297",
        "top": 1721,
        "left": 1434,
        "height": 41,
        "width": 149
    },
    {
        "text": "Bank",
        "top": 1763,
        "left": 1221,
        "height": 41,
        "width": 73
    },
    {
        "text": "Name",
        "top": 1763,
        "left": 1302,
        "height": 41,
        "width": 83
    },
    {
        "text": "and",
        "top": 1763,
        "left": 1394,
        "height": 41,
        "width": 54
    },
    {
        "text": "Address:",
        "top": 1763,
        "left": 1456,
        "height": 41,
        "width": 126
    },
    {
        "text": "Ward,",
        "top": 1805,
        "left": 1202,
        "height": 41,
        "width": 89
    },
    {
        "text": "Esparza",
        "top": 1805,
        "left": 1300,
        "height": 41,
        "width": 112
    },
    {
        "text": "and",
        "top": 1805,
        "left": 1421,
        "height": 41,
        "width": 54
    },
    {
        "text": "Krause",
        "top": 1805,
        "left": 1484,
        "height": 41,
        "width": 100
    },
    {
        "text": "174",
        "top": 1846,
        "left": 1123,
        "height": 41,
        "width": 55
    },
    {
        "text": "Donna",
        "top": 1846,
        "left": 1188,
        "height": 41,
        "width": 98
    },
    {
        "text": "Traf\ufb01cway",
        "top": 1846,
        "left": 1294,
        "height": 41,
        "width": 153
    },
    {
        "text": "Apt.",
        "top": 1846,
        "left": 1456,
        "height": 41,
        "width": 62
    },
    {
        "text": "944",
        "top": 1846,
        "left": 1527,
        "height": 41,
        "width": 55
    },
    {
        "text": "Shawnchester,",
        "top": 1888,
        "left": 1206,
        "height": 41,
        "width": 216
    },
    {
        "text": "MN",
        "top": 1888,
        "left": 1431,
        "height": 41,
        "width": 50
    },
    {
        "text": "44421",
        "top": 1888,
        "left": 1490,
        "height": 41,
        "width": 93
    },
    {
        "text": "Bank",
        "top": 1930,
        "left": 1140,
        "height": 41,
        "width": 73
    },
    {
        "text": "Swift",
        "top": 1930,
        "left": 1221,
        "height": 41,
        "width": 81
    },
    {
        "text": "Code:",
        "top": 1930,
        "left": 1311,
        "height": 41,
        "width": 80
    },
    {
        "text": "LOYD",
        "top": 1930,
        "left": 1400,
        "height": 41,
        "width": 84
    },
    {
        "text": "GB",
        "top": 1930,
        "left": 1494,
        "height": 41,
        "width": 44
    },
    {
        "text": "2L",
        "top": 1930,
        "left": 1546,
        "height": 41,
        "width": 36
    },
    {
        "text": "IBAN",
        "top": 1971,
        "left": 1375,
        "height": 41,
        "width": 75
    },
    {
        "text": "Number:",
        "top": 1971,
        "left": 1459,
        "height": 41,
        "width": 124
    },
    {
        "text": "GB22",
        "top": 2013,
        "left": 1113,
        "height": 41,
        "width": 80
    },
    {
        "text": "LOYD",
        "top": 2013,
        "left": 1202,
        "height": 41,
        "width": 84
    },
    {
        "text": "8546",
        "top": 2013,
        "left": 1296,
        "height": 41,
        "width": 74
    },
    {
        "text": "1463",
        "top": 2013,
        "left": 1379,
        "height": 41,
        "width": 74
    },
    {
        "text": "3082",
        "top": 2013,
        "left": 1463,
        "height": 41,
        "width": 74
    },
    {
        "text": "97",
        "top": 2013,
        "left": 1546,
        "height": 41,
        "width": 37
    }
]