{
    "beneficiary": {
        "bank": {
            "address": {
                "city": {
                    "city_name": "Shawnchester",
                    "postcode": "44421",
                    "state_abbr": "MN"
                },
                "street": {
                    "building_number": "174",
                    "secondary_address": "Apt. 944",
                    "street_name": "Donna Trafficway"
                }
            },
            "name": "Ward, Esparza and Krause"
        },
        "bic": {
            "bank_code": "LOYD",
            "branch_code": "",
            "country_code": "GB",
            "location_code": "2L"
        },
        "iban": {
            "account_code": "63308297",
            "bank_code": "LOYD",
            "branch_code": "854614",
            "country_code": "GB"
        },
        "name": {
            "first_name": "Justin",
            "last_name": "Watson"
        }
    },
    "buyer": {
        "bill": {
            "address": {
                "city": {
                    "city_name": "South Victoriachester",
                    "postcode": "93458",
                    "state_abbr": "GA"
                },
                "street": {
                    "building_number": "1216",
                    "secondary_address": "Apt. 333",
                    "street_name": "Suarez Tunnel"
                }
            },
            "contact": {
                "first_name": "John",
                "last_name": "Lambert"
            },
            "phone_number": {
                "country_code": 962,
                "national_number": 778250152
            }
        },
        "company": {
            "name": "Johnson LLC"
        }
    },
    "invoice_date": {
        "day": 24,
        "month": 6,
        "year": 2021
    },
    "invoice_due_date": {
        "day": 22,
        "month": 9,
        "year": 2021
    },
    "invoice_number": 898146,
    "payment_terms": "Net 90",
    "products": {
        "0": {
            "description": "Pink blue felt craft trinket box",
            "id": 1421,
            "quantity": 2,
            "total": 4.92,
            "unit_price": 2.46
        }
    },
    "seller": {
        "address": {
            "city": {
                "city_name": "East Melissa",
                "postcode": "34561",
                "state_abbr": "KY"
            },
            "street": {
                "building_number": "5289",
                "street_name": "Morgan Walks"
            }
        },
        "company": {
            "name": "Yates, Taylor and Wood"
        },
        "contact": {
            "first_name": "Lisa",
            "last_name": "Montoya"
        },
        "phone_number": {
            "country_code": 1,
            "national_number": 3252850965
        }
    },
    "summary": {
        "balance": 10.84,
        "shipping": {
            "price": 5.65
        },
        "subtotal": 4.92,
        "tax_rate": 0.054,
        "tax_total": 0.27
    }
}