[
    {
        "tag": "buyer.bill.address",
        "value": "367 Nguyen Crescent Apt. 145\nWest Mariofort, UT 86062",
        "top": 368,
        "left": 850,
        "height": 88,
        "width": 707
    },
    {
        "tag": "buyer.bill.contact",
        "value": "Lisa Hall",
        "top": 279,
        "left": 850,
        "height": 88,
        "width": 707
    },
    {
        "tag": "buyer.bill.email",
        "value": "matthew58@wright-diaz.com",
        "top": 504,
        "left": 850,
        "height": 45,
        "width": 707
    },
    {
        "tag": "buyer.bill.phone_number",
        "value": "8202185048",
        "top": 457,
        "left": 850,
        "height": 46,
        "width": 707
    },
    {
        "tag": "buyer.company.name",
        "value": "Sullivan-Alexander",
        "top": 233,
        "left": 850,
        "height": 45,
        "width": 707
    },
    {
        "tag": "invoice_date",
        "value": "1992-08-15",
        "top": 639,
        "left": 848,
        "height": 90,
        "width": 233
    },
    {
        "tag": "invoice_due_date",
        "value": "1992-09-14",
        "top": 639,
        "left": 1320,
        "height": 90,
        "width": 235
    },
    {
        "tag": "invoice_number",
        "value": "#271281",
        "top": 639,
        "left": 434,
        "height": 90,
        "width": 177
    },
    {
        "tag": "products.0.description",
        "value": "Zinc folkart sleigh bells",
        "top": 902,
        "left": 331,
        "height": 81,
        "width": 605
    },
    {
        "tag": "products.0.id",
        "value": "1160",
        "top": 902,
        "left": 142,
        "height": 81,
        "width": 188
    },
    {
        "tag": "products.0.quantity",
        "value": "3",
        "top": 902,
        "left": 937,
        "height": 81,
        "width": 187
    },
    {
        "tag": "products.0.total",
        "value": "12.39",
        "top": 902,
        "left": 1334,
        "height": 81,
        "width": 223
    },
    {
        "tag": "products.0.unit_price",
        "value": "4.13",
        "top": 902,
        "left": 1125,
        "height": 81,
        "width": 208
    },
    {
        "tag": "products.1.description",
        "value": "Heart filigree dove large",
        "top": 984,
        "left": 331,
        "height": 80,
        "width": 605
    },
    {
        "tag": "products.1.id",
        "value": "8184",
        "top": 984,
        "left": 142,
        "height": 80,
        "width": 188
    },
    {
        "tag": "products.1.quantity",
        "value": "9",
        "top": 984,
        "left": 937,
        "height": 80,
        "width": 187
    },
    {
        "tag": "products.1.total",
        "value": "14.85",
        "top": 984,
        "left": 1334,
        "height": 80,
        "width": 223
    },
    {
        "tag": "products.1.unit_price",
        "value": "1.65",
        "top": 984,
        "left": 1125,
        "height": 80,
        "width": 208
    },
    {
        "tag": "products.2.description",
        "value": "Set/20 red retrospot paper napkins ",
        "top": 1065,
        "left": 331,
        "height": 80,
        "width": 605
    },
    {
        "tag": "products.2.id",
        "value": "6311",
        "top": 1065,
        "left": 142,
        "height": 80,
        "width": 188
    },
    {
        "tag": "products.2.quantity",
        "value": "6",
        "top": 1065,
        "left": 937,
        "height": 80,
        "width": 187
    },
    {
        "tag": "products.2.total",
        "value": "5.10",
        "top": 1065,
        "left": 1334,
        "height": 80,
        "width": 223
    },
    {
        "tag": "products.2.unit_price",
        "value": "0.85",
        "top": 1065,
        "left": 1125,
        "height": 80,
        "width": 208
    },
    {
        "tag": "products.3.description",
        "value": "Scottie dogs baby bib",
        "top": 1146,
        "left": 331,
        "height": 80,
        "width": 605
    },
    {
        "tag": "products.3.id",
        "value": "2291",
        "top": 1146,
        "left": 142,
        "height": 80,
        "width": 188
    },
    {
        "tag": "products.3.quantity",
        "value": "5",
        "top": 1146,
        "left": 937,
        "height": 80,
        "width": 187
    },
    {
        "tag": "products.3.total",
        "value": "4.15",
        "top": 1146,
        "left": 1334,
        "height": 80,
        "width": 223
    },
    {
        "tag": "products.3.unit_price",
        "value": "0.83",
        "top": 1146,
        "left": 1125,
        "height": 80,
        "width": 208
    },
    {
        "tag": "products.4.description",
        "value": "Pack of 60 spaceboy cake cases",
        "top": 1227,
        "left": 331,
        "height": 81,
        "width": 605
    },
    {
        "tag": "products.4.id",
        "value": "8138",
        "top": 1227,
        "left": 142,
        "height": 81,
        "width": 188
    },
    {
        "tag": "products.4.quantity",
        "value": "2",
        "top": 1227,
        "left": 937,
        "height": 81,
        "width": 187
    },
    {
        "tag": "products.4.total",
        "value": "1.10",
        "top": 1227,
        "left": 1334,
        "height": 81,
        "width": 223
    },
    {
        "tag": "products.4.unit_price",
        "value": "0.55",
        "top": 1227,
        "left": 1125,
        "height": 81,
        "width": 208
    },
    {
        "tag": "products.5.description",
        "value": "Regency tea strainer",
        "top": 1309,
        "left": 331,
        "height": 80,
        "width": 605
    },
    {
        "tag": "products.5.id",
        "value": "1409",
        "top": 1309,
        "left": 142,
        "height": 80,
        "width": 188
    },
    {
        "tag": "products.5.quantity",
        "value": "2",
        "top": 1309,
        "left": 937,
        "height": 80,
        "width": 187
    },
    {
        "tag": "products.5.total",
        "value": "6.58",
        "top": 1309,
        "left": 1334,
        "height": 80,
        "width": 223
    },
    {
        "tag": "products.5.unit_price",
        "value": "3.29",
        "top": 1309,
        "left": 1125,
        "height": 80,
        "width": 208
    },
    {
        "tag": "seller.address",
        "value": "71121 John Highway Suite 191\nWest Joshuamouth, SC 08801",
        "top": 279,
        "left": 142,
        "height": 88,
        "width": 707
    },
    {
        "tag": "seller.company.name",
        "value": "Mcdaniel, Perez and King",
        "top": 233,
        "left": 142,
        "height": 45,
        "width": 707
    },
    {
        "tag": "seller.email",
        "value": "chadwang@perkins.org",
        "top": 457,
        "left": 142,
        "height": 46,
        "width": 707
    },
    {
        "tag": "seller.phone_number",
        "value": "+962798364163",
        "top": 368,
        "left": 142,
        "height": 88,
        "width": 707
    },
    {
        "tag": "seller.website",
        "value": "schroeder-fischer.biz",
        "top": 504,
        "left": 142,
        "height": 45,
        "width": 707
    },
    {
        "tag": "summary.balance",
        "value": "$ 46.47",
        "top": 1738,
        "left": 1334,
        "height": 73,
        "width": 223
    },
    {
        "tag": "summary.subtotal",
        "value": "44.17",
        "top": 1599,
        "left": 1334,
        "height": 45,
        "width": 223
    },
    {
        "tag": "summary.tax_total",
        "value": "2.30",
        "top": 1645,
        "left": 1334,
        "height": 46,
        "width": 223
    }
]