[
    {
        "text": "Mcdaniel,",
        "top": 232,
        "left": 155,
        "height": 44,
        "width": 162
    },
    {
        "text": "Perez",
        "top": 232,
        "left": 325,
        "height": 44,
        "width": 95
    },
    {
        "text": "and",
        "top": 232,
        "left": 428,
        "height": 44,
        "width": 62
    },
    {
        "text": "King",
        "top": 232,
        "left": 498,
        "height": 44,
        "width": 74
    },
    {
        "text": "71121",
        "top": 278,
        "left": 155,
        "height": 44,
        "width": 96
    },
    {
        "text": "John",
        "top": 278,
        "left": 260,
        "height": 44,
        "width": 74
    },
    {
        "text": "Highway",
        "top": 278,
        "left": 341,
        "height": 44,
        "width": 147
    },
    {
        "text": "Suite",
        "top": 278,
        "left": 496,
        "height": 44,
        "width": 84
    },
    {
        "text": "191",
        "top": 278,
        "left": 589,
        "height": 44,
        "width": 57
    },
    {
        "text": "West",
        "top": 323,
        "left": 155,
        "height": 44,
        "width": 81
    },
    {
        "text": "Joshuamouth,",
        "top": 323,
        "left": 244,
        "height": 44,
        "width": 226
    },
    {
        "text": "SC",
        "top": 323,
        "left": 478,
        "height": 44,
        "width": 41
    },
    {
        "text": "08801",
        "top": 323,
        "left": 527,
        "height": 44,
        "width": 96
    },
    {
        "text": "+962798364163",
        "top": 389,
        "left": 155,
        "height": 44,
        "width": 250
    },
    {
        "text": "chadwang@perkins.org",
        "top": 456,
        "left": 155,
        "height": 44,
        "width": 392
    },
    {
        "text": "schroeder-fischer.biz",
        "top": 503,
        "left": 155,
        "height": 44,
        "width": 354
    },
    {
        "text": "Sullivan-Alexander",
        "top": 232,
        "left": 1223,
        "height": 44,
        "width": 321
    },
    {
        "text": "Lisa",
        "top": 300,
        "left": 1399,
        "height": 44,
        "width": 68
    },
    {
        "text": "Hall",
        "top": 300,
        "left": 1474,
        "height": 44,
        "width": 69
    },
    {
        "text": "367",
        "top": 367,
        "left": 1048,
        "height": 44,
        "width": 57
    },
    {
        "text": "Nguyen",
        "top": 367,
        "left": 1114,
        "height": 44,
        "width": 126
    },
    {
        "text": "Crescent",
        "top": 367,
        "left": 1248,
        "height": 44,
        "width": 145
    },
    {
        "text": "Apt.",
        "top": 367,
        "left": 1401,
        "height": 44,
        "width": 69
    },
    {
        "text": "145",
        "top": 367,
        "left": 1478,
        "height": 44,
        "width": 57
    },
    {
        "text": "West",
        "top": 412,
        "left": 1124,
        "height": 44,
        "width": 81
    },
    {
        "text": "Mariofort,",
        "top": 412,
        "left": 1213,
        "height": 44,
        "width": 172
    },
    {
        "text": "UT",
        "top": 412,
        "left": 1393,
        "height": 44,
        "width": 46
    },
    {
        "text": "86062",
        "top": 412,
        "left": 1447,
        "height": 44,
        "width": 96
    },
    {
        "text": "8202185048",
        "top": 456,
        "left": 1350,
        "height": 44,
        "width": 192
    },
    {
        "text": "matthew58@wright-diaz.com",
        "top": 503,
        "left": 1054,
        "height": 44,
        "width": 489
    },
    {
        "text": "Invoice",
        "top": 640,
        "left": 227,
        "height": 44,
        "width": 121
    },
    {
        "text": "Number:",
        "top": 685,
        "left": 215,
        "height": 44,
        "width": 147
    },
    {
        "text": "#271281",
        "top": 662,
        "left": 455,
        "height": 44,
        "width": 134
    },
    {
        "text": "Issue",
        "top": 662,
        "left": 640,
        "height": 44,
        "width": 84
    },
    {
        "text": "Date:",
        "top": 662,
        "left": 733,
        "height": 44,
        "width": 87
    },
    {
        "text": "1992-08-15",
        "top": 662,
        "left": 878,
        "height": 44,
        "width": 173
    },
    {
        "text": "Expiry",
        "top": 662,
        "left": 1098,
        "height": 44,
        "width": 112
    },
    {
        "text": "Date:",
        "top": 662,
        "left": 1218,
        "height": 44,
        "width": 87
    },
    {
        "text": "1992-09-14",
        "top": 662,
        "left": 1351,
        "height": 44,
        "width": 173
    },
    {
        "text": "Item",
        "top": 838,
        "left": 183,
        "height": 44,
        "width": 79
    },
    {
        "text": "#",
        "top": 838,
        "left": 270,
        "height": 44,
        "width": 18
    },
    {
        "text": "Description",
        "top": 838,
        "left": 537,
        "height": 44,
        "width": 194
    },
    {
        "text": "Quantity",
        "top": 838,
        "left": 958,
        "height": 44,
        "width": 145
    },
    {
        "text": "Unit",
        "top": 838,
        "left": 1146,
        "height": 44,
        "width": 71
    },
    {
        "text": "Price",
        "top": 838,
        "left": 1225,
        "height": 44,
        "width": 86
    },
    {
        "text": "1160",
        "top": 919,
        "left": 198,
        "height": 44,
        "width": 76
    },
    {
        "text": "8184",
        "top": 1002,
        "left": 198,
        "height": 44,
        "width": 76
    },
    {
        "text": "6311",
        "top": 1083,
        "left": 198,
        "height": 44,
        "width": 76
    },
    {
        "text": "2291",
        "top": 1165,
        "left": 198,
        "height": 44,
        "width": 76
    },
    {
        "text": "8138",
        "top": 1246,
        "left": 198,
        "height": 44,
        "width": 76
    },
    {
        "text": "1409",
        "top": 1327,
        "left": 198,
        "height": 44,
        "width": 76
    },
    {
        "text": "Zinc",
        "top": 919,
        "left": 439,
        "height": 44,
        "width": 71
    },
    {
        "text": "folkart",
        "top": 919,
        "left": 519,
        "height": 44,
        "width": 116
    },
    {
        "text": "sleigh",
        "top": 919,
        "left": 642,
        "height": 44,
        "width": 99
    },
    {
        "text": "bells",
        "top": 919,
        "left": 749,
        "height": 44,
        "width": 80
    },
    {
        "text": "Heart",
        "top": 1002,
        "left": 429,
        "height": 44,
        "width": 96
    },
    {
        "text": "filigree",
        "top": 1002,
        "left": 533,
        "height": 44,
        "width": 123
    },
    {
        "text": "dove",
        "top": 1002,
        "left": 665,
        "height": 44,
        "width": 79
    },
    {
        "text": "large",
        "top": 1002,
        "left": 752,
        "height": 44,
        "width": 86
    },
    {
        "text": "Set/20",
        "top": 1083,
        "left": 345,
        "height": 44,
        "width": 99
    },
    {
        "text": "red",
        "top": 1083,
        "left": 454,
        "height": 44,
        "width": 58
    },
    {
        "text": "retrospot",
        "top": 1083,
        "left": 520,
        "height": 44,
        "width": 156
    },
    {
        "text": "paper",
        "top": 1083,
        "left": 684,
        "height": 44,
        "width": 98
    },
    {
        "text": "napkins",
        "top": 1083,
        "left": 790,
        "height": 44,
        "width": 132
    },
    {
        "text": "Scottie",
        "top": 1165,
        "left": 460,
        "height": 44,
        "width": 113
    },
    {
        "text": "dogs",
        "top": 1165,
        "left": 581,
        "height": 44,
        "width": 76
    },
    {
        "text": "baby",
        "top": 1165,
        "left": 665,
        "height": 44,
        "width": 81
    },
    {
        "text": "bib",
        "top": 1165,
        "left": 754,
        "height": 44,
        "width": 54
    },
    {
        "text": "Pack",
        "top": 1246,
        "left": 380,
        "height": 44,
        "width": 79
    },
    {
        "text": "of",
        "top": 1246,
        "left": 467,
        "height": 44,
        "width": 32
    },
    {
        "text": "60",
        "top": 1246,
        "left": 508,
        "height": 44,
        "width": 38
    },
    {
        "text": "spaceboy",
        "top": 1246,
        "left": 554,
        "height": 44,
        "width": 152
    },
    {
        "text": "cake",
        "top": 1246,
        "left": 715,
        "height": 44,
        "width": 77
    },
    {
        "text": "cases",
        "top": 1246,
        "left": 800,
        "height": 44,
        "width": 87
    },
    {
        "text": "Regency",
        "top": 1327,
        "left": 462,
        "height": 44,
        "width": 139
    },
    {
        "text": "tea",
        "top": 1327,
        "left": 610,
        "height": 44,
        "width": 52
    },
    {
        "text": "strainer",
        "top": 1327,
        "left": 670,
        "height": 44,
        "width": 135
    },
    {
        "text": "3",
        "top": 919,
        "left": 1021,
        "height": 44,
        "width": 18
    },
    {
        "text": "9",
        "top": 1002,
        "left": 1021,
        "height": 44,
        "width": 18
    },
    {
        "text": "6",
        "top": 1083,
        "left": 1021,
        "height": 44,
        "width": 18
    },
    {
        "text": "5",
        "top": 1165,
        "left": 1021,
        "height": 44,
        "width": 18
    },
    {
        "text": "2",
        "top": 1246,
        "left": 1021,
        "height": 44,
        "width": 18
    },
    {
        "text": "2",
        "top": 1327,
        "left": 1021,
        "height": 44,
        "width": 18
    },
    {
        "text": "4.13",
        "top": 919,
        "left": 1195,
        "height": 44,
        "width": 67
    },
    {
        "text": "1.65",
        "top": 1002,
        "left": 1195,
        "height": 44,
        "width": 67
    },
    {
        "text": "0.85",
        "top": 1083,
        "left": 1195,
        "height": 44,
        "width": 67
    },
    {
        "text": "0.83",
        "top": 1165,
        "left": 1195,
        "height": 44,
        "width": 67
    },
    {
        "text": "0.55",
        "top": 1246,
        "left": 1195,
        "height": 44,
        "width": 67
    },
    {
        "text": "3.29",
        "top": 1327,
        "left": 1195,
        "height": 44,
        "width": 67
    },
    {
        "text": "Total",
        "top": 838,
        "left": 1404,
        "height": 44,
        "width": 83
    },
    {
        "text": "12.39",
        "top": 919,
        "left": 1402,
        "height": 44,
        "width": 86
    },
    {
        "text": "14.85",
        "top": 1002,
        "left": 1402,
        "height": 44,
        "width": 86
    },
    {
        "text": "5.10",
        "top": 1083,
        "left": 1412,
        "height": 44,
        "width": 67
    },
    {
        "text": "4.15",
        "top": 1165,
        "left": 1412,
        "height": 44,
        "width": 67
    },
    {
        "text": "1.10",
        "top": 1246,
        "left": 1412,
        "height": 44,
        "width": 67
    },
    {
        "text": "6.58",
        "top": 1327,
        "left": 1412,
        "height": 44,
        "width": 67
    },
    {
        "text": "Subtotal",
        "top": 1600,
        "left": 1180,
        "height": 44,
        "width": 139
    },
    {
        "text": "Tax",
        "top": 1647,
        "left": 1259,
        "height": 44,
        "width": 60
    },
    {
        "text": "44.17",
        "top": 1600,
        "left": 1403,
        "height": 44,
        "width": 86
    },
    {
        "text": "2.30",
        "top": 1647,
        "left": 1413,
        "height": 44,
        "width": 67
    },
    {
        "text": "TOTAL",
        "top": 1739,
        "left": 1139,
        "height": 73,
        "width": 180
    },
    {
        "text": "$",
        "top": 1754,
        "left": 1347,
        "height": 41,
        "width": 17
    },
    {
        "text": "46.47",
        "top": 1754,
        "left": 1372,
        "height": 41,
        "width": 79
    }
]