{
    "invoice": {
        "template": "templates/Invoice_44.htm",
        "logo": "logos/LLD-logo-files/scholarmate.png",
        "font": "fonts/Fira_Sans/FiraSans-Medium.ttf",
        "dpi": 200,
        "color_map": {
            "#595959": "#595959",
            "#577188": "#565788",
            "#DC9E1F": "#dcaf1e",
            "#7E97AD": "#ad7e82",
            "#D9D9D9": "#d9d9d9",
            "#A6A6A6": "#a6a6a6"
        },
        "font_scale": 0.8106159748179491,
        "margin": 14
    },
    "warping": {
        "environment": "environments/IndoorHDRDataset2018/9C4A6898-5ae1360451.exr",
        "mesh": "meshes/objs/C/1/1_716_7.obj",
        "resolution": 1600
    }
}