[
    {
        "text": "Davis-Johnson",
        "top": 191,
        "left": 114,
        "height": 35,
        "width": 167
    },
    {
        "text": "3264",
        "top": 234,
        "left": 114,
        "height": 35,
        "width": 57
    },
    {
        "text": "Mcclure",
        "top": 234,
        "left": 179,
        "height": 35,
        "width": 95
    },
    {
        "text": "Mews",
        "top": 234,
        "left": 281,
        "height": 35,
        "width": 68
    },
    {
        "text": "Apt.",
        "top": 234,
        "left": 356,
        "height": 35,
        "width": 48
    },
    {
        "text": "710",
        "top": 234,
        "left": 410,
        "height": 35,
        "width": 43
    },
    {
        "text": "South",
        "top": 270,
        "left": 114,
        "height": 35,
        "width": 67
    },
    {
        "text": "Robinhaven,",
        "top": 270,
        "left": 187,
        "height": 35,
        "width": 144
    },
    {
        "text": "IA",
        "top": 270,
        "left": 337,
        "height": 35,
        "width": 26
    },
    {
        "text": "99446",
        "top": 270,
        "left": 370,
        "height": 35,
        "width": 72
    },
    {
        "text": "+972",
        "top": 322,
        "left": 114,
        "height": 35,
        "width": 57
    },
    {
        "text": "8",
        "top": 322,
        "left": 179,
        "height": 35,
        "width": 14
    },
    {
        "text": "257",
        "top": 322,
        "left": 200,
        "height": 35,
        "width": 43
    },
    {
        "text": "9678",
        "top": 322,
        "left": 250,
        "height": 35,
        "width": 57
    },
    {
        "text": "tjohnson@flores-taylor.com",
        "top": 382,
        "left": 114,
        "height": 35,
        "width": 329
    },
    {
        "text": "price.com",
        "top": 432,
        "left": 114,
        "height": 35,
        "width": 116
    },
    {
        "text": "Ruiz,",
        "top": 191,
        "left": 1300,
        "height": 35,
        "width": 55
    },
    {
        "text": "Parker",
        "top": 191,
        "left": 1360,
        "height": 35,
        "width": 79
    },
    {
        "text": "and",
        "top": 191,
        "left": 1445,
        "height": 35,
        "width": 44
    },
    {
        "text": "Phillips",
        "top": 191,
        "left": 1495,
        "height": 35,
        "width": 89
    },
    {
        "text": "Kelly",
        "top": 251,
        "left": 1418,
        "height": 35,
        "width": 59
    },
    {
        "text": "Richards",
        "top": 251,
        "left": 1483,
        "height": 35,
        "width": 101
    },
    {
        "text": "12658",
        "top": 305,
        "left": 1302,
        "height": 35,
        "width": 72
    },
    {
        "text": "Rodriguez",
        "top": 305,
        "left": 1381,
        "height": 35,
        "width": 117
    },
    {
        "text": "Radial",
        "top": 305,
        "left": 1503,
        "height": 35,
        "width": 74
    },
    {
        "text": "Brittanyton,",
        "top": 340,
        "left": 1331,
        "height": 35,
        "width": 142
    },
    {
        "text": "TX",
        "top": 340,
        "left": 1478,
        "height": 35,
        "width": 28
    },
    {
        "text": "18495",
        "top": 340,
        "left": 1512,
        "height": 35,
        "width": 72
    },
    {
        "text": "+358",
        "top": 382,
        "left": 1389,
        "height": 35,
        "width": 57
    },
    {
        "text": "962523631",
        "top": 382,
        "left": 1453,
        "height": 35,
        "width": 130
    },
    {
        "text": "stephaniesexton@martin.com",
        "top": 432,
        "left": 1229,
        "height": 35,
        "width": 356
    },
    {
        "text": "Invoice",
        "top": 569,
        "left": 157,
        "height": 35,
        "width": 87
    },
    {
        "text": "Number:",
        "top": 569,
        "left": 250,
        "height": 35,
        "width": 103
    },
    {
        "text": "#473743",
        "top": 569,
        "left": 450,
        "height": 35,
        "width": 103
    },
    {
        "text": "Issue",
        "top": 569,
        "left": 656,
        "height": 35,
        "width": 64
    },
    {
        "text": "Date:",
        "top": 569,
        "left": 727,
        "height": 35,
        "width": 63
    },
    {
        "text": "15",
        "top": 569,
        "left": 902,
        "height": 35,
        "width": 28
    },
    {
        "text": "Jul,",
        "top": 569,
        "left": 937,
        "height": 35,
        "width": 38
    },
    {
        "text": "2007",
        "top": 569,
        "left": 981,
        "height": 35,
        "width": 57
    },
    {
        "text": "Expiry",
        "top": 569,
        "left": 1150,
        "height": 35,
        "width": 73
    },
    {
        "text": "Date:",
        "top": 569,
        "left": 1229,
        "height": 35,
        "width": 63
    },
    {
        "text": "13",
        "top": 569,
        "left": 1398,
        "height": 35,
        "width": 28
    },
    {
        "text": "Oct,",
        "top": 569,
        "left": 1433,
        "height": 35,
        "width": 48
    },
    {
        "text": "2007",
        "top": 569,
        "left": 1487,
        "height": 35,
        "width": 57
    },
    {
        "text": "Item",
        "top": 723,
        "left": 182,
        "height": 35,
        "width": 58
    },
    {
        "text": "#",
        "top": 723,
        "left": 246,
        "height": 35,
        "width": 16
    },
    {
        "text": "7281",
        "top": 811,
        "left": 194,
        "height": 35,
        "width": 57
    },
    {
        "text": "3861",
        "top": 900,
        "left": 194,
        "height": 35,
        "width": 57
    },
    {
        "text": "Description",
        "top": 723,
        "left": 517,
        "height": 35,
        "width": 138
    },
    {
        "text": "Quantity",
        "top": 723,
        "left": 893,
        "height": 35,
        "width": 104
    },
    {
        "text": "Unit",
        "top": 723,
        "left": 1133,
        "height": 35,
        "width": 50
    },
    {
        "text": "Price",
        "top": 723,
        "left": 1190,
        "height": 35,
        "width": 60
    },
    {
        "text": "Christmas",
        "top": 811,
        "left": 391,
        "height": 35,
        "width": 120
    },
    {
        "text": "hanging",
        "top": 811,
        "left": 518,
        "height": 35,
        "width": 96
    },
    {
        "text": "tree",
        "top": 811,
        "left": 620,
        "height": 35,
        "width": 49
    },
    {
        "text": "with",
        "top": 811,
        "left": 676,
        "height": 35,
        "width": 53
    },
    {
        "text": "bell",
        "top": 811,
        "left": 734,
        "height": 35,
        "width": 45
    },
    {
        "text": "Spaceboy",
        "top": 900,
        "left": 423,
        "height": 35,
        "width": 111
    },
    {
        "text": "childrens",
        "top": 900,
        "left": 540,
        "height": 35,
        "width": 109
    },
    {
        "text": "egg",
        "top": 900,
        "left": 656,
        "height": 35,
        "width": 44
    },
    {
        "text": "cup",
        "top": 900,
        "left": 706,
        "height": 35,
        "width": 42
    },
    {
        "text": "5",
        "top": 811,
        "left": 938,
        "height": 35,
        "width": 14
    },
    {
        "text": "1",
        "top": 900,
        "left": 938,
        "height": 35,
        "width": 14
    },
    {
        "text": "0.39",
        "top": 811,
        "left": 1167,
        "height": 35,
        "width": 49
    },
    {
        "text": "2.51",
        "top": 900,
        "left": 1167,
        "height": 35,
        "width": 49
    },
    {
        "text": "Total",
        "top": 723,
        "left": 1429,
        "height": 35,
        "width": 59
    },
    {
        "text": "1.95",
        "top": 811,
        "left": 1434,
        "height": 35,
        "width": 49
    },
    {
        "text": "2.51",
        "top": 900,
        "left": 1434,
        "height": 35,
        "width": 49
    },
    {
        "text": "Subtotal",
        "top": 1543,
        "left": 1204,
        "height": 35,
        "width": 99
    },
    {
        "text": "Tax",
        "top": 1593,
        "left": 1264,
        "height": 35,
        "width": 40
    },
    {
        "text": "4.46",
        "top": 1543,
        "left": 1435,
        "height": 35,
        "width": 49
    },
    {
        "text": "0.21",
        "top": 1593,
        "left": 1435,
        "height": 35,
        "width": 49
    },
    {
        "text": "TOTAL",
        "top": 1694,
        "left": 1181,
        "height": 57,
        "width": 123
    },
    {
        "text": "$",
        "top": 1699,
        "left": 1334,
        "height": 45,
        "width": 18
    },
    {
        "text": "4.67",
        "top": 1699,
        "left": 1361,
        "height": 45,
        "width": 66
    }
]