{
    "invoice": {
        "template": "templates/Invoice_24.htm",
        "logo": "logos/LLD-logo-files/avhomesinc.png",
        "font": "fonts/Fira_Sans/FiraSans-ExtraLightItalic.ttf",
        "dpi": 200,
        "color_map": {
            "#414042": "#424040",
            "#999999": "#999999",
            "#404040": "#404040",
            "#F1FCF1": "#fcfaf1",
            "#0D83DD": "#d50ddd",
            "#595959": "#595959",
            "#D9D9D9": "#d9d9d9"
        },
        "font_scale": 1.0733517665037304,
        "margin": 16
    },
    "warping": {
        "environment": "environments/IndoorHDRDataset2018/AG8A2510-f7e68d0cea.exr",
        "mesh": "meshes/objs/P/509_1.obj",
        "resolution": 1600
    }
}