[
    {
        "text": "Oconnor,",
        "top": 71,
        "left": 93,
        "height": 43,
        "width": 147
    },
    {
        "text": "Fuller",
        "top": 71,
        "left": 248,
        "height": 43,
        "width": 96
    },
    {
        "text": "and",
        "top": 71,
        "left": 352,
        "height": 43,
        "width": 60
    },
    {
        "text": "Carter",
        "top": 71,
        "left": 421,
        "height": 43,
        "width": 104
    },
    {
        "text": "Business-focused",
        "top": 107,
        "left": 91,
        "height": 39,
        "width": 260
    },
    {
        "text": "fault-tolerant",
        "top": 107,
        "left": 350,
        "height": 39,
        "width": 209
    },
    {
        "text": "array",
        "top": 107,
        "left": 558,
        "height": 39,
        "width": 89
    },
    {
        "text": "0698",
        "top": 165,
        "left": 93,
        "height": 39,
        "width": 66
    },
    {
        "text": "Farmer",
        "top": 165,
        "left": 168,
        "height": 39,
        "width": 109
    },
    {
        "text": "Lodge",
        "top": 165,
        "left": 285,
        "height": 39,
        "width": 89
    },
    {
        "text": "0698",
        "top": 197,
        "left": 93,
        "height": 39,
        "width": 66
    },
    {
        "text": "Farmer",
        "top": 197,
        "left": 168,
        "height": 39,
        "width": 109
    },
    {
        "text": "Lodge",
        "top": 197,
        "left": 285,
        "height": 39,
        "width": 89
    },
    {
        "text": "+38",
        "top": 228,
        "left": 93,
        "height": 39,
        "width": 49
    },
    {
        "text": "057",
        "top": 228,
        "left": 152,
        "height": 39,
        "width": 49
    },
    {
        "text": "547-13-80",
        "top": 228,
        "left": 210,
        "height": 39,
        "width": 133
    },
    {
        "text": "Fax:",
        "top": 259,
        "left": 93,
        "height": 39,
        "width": 61
    },
    {
        "text": "(876)571-9850",
        "top": 259,
        "left": 162,
        "height": 39,
        "width": 199
    },
    {
        "text": "TO:",
        "top": 370,
        "left": 93,
        "height": 39,
        "width": 50
    },
    {
        "text": "Alexander",
        "top": 409,
        "left": 93,
        "height": 39,
        "width": 155
    },
    {
        "text": "Aguilar",
        "top": 409,
        "left": 256,
        "height": 39,
        "width": 111
    },
    {
        "text": "Brown-Glass",
        "top": 440,
        "left": 93,
        "height": 39,
        "width": 183
    },
    {
        "text": "880",
        "top": 472,
        "left": 93,
        "height": 39,
        "width": 49
    },
    {
        "text": "Lopez",
        "top": 472,
        "left": 152,
        "height": 39,
        "width": 88
    },
    {
        "text": "Stream",
        "top": 472,
        "left": 248,
        "height": 39,
        "width": 106
    },
    {
        "text": "Apt.",
        "top": 472,
        "left": 362,
        "height": 39,
        "width": 62
    },
    {
        "text": "095",
        "top": 472,
        "left": 433,
        "height": 39,
        "width": 49
    },
    {
        "text": "Garciaton,",
        "top": 503,
        "left": 93,
        "height": 39,
        "width": 154
    },
    {
        "text": "MO",
        "top": 503,
        "left": 256,
        "height": 39,
        "width": 50
    },
    {
        "text": "53834",
        "top": 503,
        "left": 314,
        "height": 39,
        "width": 83
    },
    {
        "text": "DESCRIPTION",
        "top": 643,
        "left": 390,
        "height": 39,
        "width": 206
    },
    {
        "text": "Set",
        "top": 684,
        "left": 95,
        "height": 39,
        "width": 45
    },
    {
        "text": "3",
        "top": 684,
        "left": 150,
        "height": 39,
        "width": 16
    },
    {
        "text": "retrospot",
        "top": 684,
        "left": 175,
        "height": 39,
        "width": 141
    },
    {
        "text": "tea,coffee,sugar",
        "top": 684,
        "left": 325,
        "height": 39,
        "width": 236
    },
    {
        "text": "Strawberry",
        "top": 724,
        "left": 95,
        "height": 39,
        "width": 167
    },
    {
        "text": "lunch",
        "top": 724,
        "left": 270,
        "height": 39,
        "width": 82
    },
    {
        "text": "box",
        "top": 724,
        "left": 360,
        "height": 39,
        "width": 56
    },
    {
        "text": "with",
        "top": 724,
        "left": 425,
        "height": 39,
        "width": 67
    },
    {
        "text": "cutlery",
        "top": 724,
        "left": 500,
        "height": 39,
        "width": 104
    },
    {
        "text": "Victorian",
        "top": 764,
        "left": 95,
        "height": 39,
        "width": 138
    },
    {
        "text": "sewing",
        "top": 764,
        "left": 241,
        "height": 39,
        "width": 101
    },
    {
        "text": "box",
        "top": 764,
        "left": 352,
        "height": 39,
        "width": 56
    },
    {
        "text": "medium",
        "top": 764,
        "left": 416,
        "height": 39,
        "width": 122
    },
    {
        "text": "Folkart",
        "top": 803,
        "left": 95,
        "height": 39,
        "width": 107
    },
    {
        "text": "clip",
        "top": 803,
        "left": 212,
        "height": 39,
        "width": 54
    },
    {
        "text": "on",
        "top": 803,
        "left": 275,
        "height": 39,
        "width": 38
    },
    {
        "text": "stars",
        "top": 803,
        "left": 321,
        "height": 39,
        "width": 72
    },
    {
        "text": "Set",
        "top": 843,
        "left": 95,
        "height": 39,
        "width": 45
    },
    {
        "text": "of",
        "top": 843,
        "left": 150,
        "height": 39,
        "width": 30
    },
    {
        "text": "3",
        "top": 843,
        "left": 189,
        "height": 39,
        "width": 16
    },
    {
        "text": "cake",
        "top": 843,
        "left": 214,
        "height": 39,
        "width": 66
    },
    {
        "text": "tins",
        "top": 843,
        "left": 289,
        "height": 39,
        "width": 56
    },
    {
        "text": "sketchbook",
        "top": 843,
        "left": 354,
        "height": 39,
        "width": 170
    },
    {
        "text": "Payment",
        "top": 1398,
        "left": 77,
        "height": 39,
        "width": 128
    },
    {
        "text": "ten",
        "top": 1398,
        "left": 215,
        "height": 39,
        "width": 48
    },
    {
        "text": "days",
        "top": 1398,
        "left": 271,
        "height": 39,
        "width": 66
    },
    {
        "text": "after",
        "top": 1398,
        "left": 346,
        "height": 39,
        "width": 73
    },
    {
        "text": "invoice",
        "top": 1398,
        "left": 428,
        "height": 39,
        "width": 106
    },
    {
        "text": "date",
        "top": 1398,
        "left": 542,
        "height": 39,
        "width": 64
    },
    {
        "text": "INVOICE",
        "top": 69,
        "left": 1377,
        "height": 71,
        "width": 230
    },
    {
        "text": "INVOICE",
        "top": 226,
        "left": 1354,
        "height": 39,
        "width": 129
    },
    {
        "text": "#851918",
        "top": 226,
        "left": 1492,
        "height": 39,
        "width": 116
    },
    {
        "text": "DATE:",
        "top": 257,
        "left": 1360,
        "height": 39,
        "width": 90
    },
    {
        "text": "02/17/1995",
        "top": 257,
        "left": 1458,
        "height": 39,
        "width": 149
    },
    {
        "text": "FOR:",
        "top": 370,
        "left": 867,
        "height": 39,
        "width": 71
    },
    {
        "text": "Project",
        "top": 409,
        "left": 867,
        "height": 39,
        "width": 105
    },
    {
        "text": "or",
        "top": 409,
        "left": 982,
        "height": 39,
        "width": 34
    },
    {
        "text": "service",
        "top": 409,
        "left": 1023,
        "height": 39,
        "width": 104
    },
    {
        "text": "description",
        "top": 409,
        "left": 1136,
        "height": 39,
        "width": 169
    },
    {
        "text": "P.O.",
        "top": 440,
        "left": 867,
        "height": 39,
        "width": 54
    },
    {
        "text": "Number",
        "top": 440,
        "left": 929,
        "height": 39,
        "width": 121
    },
    {
        "text": "HOURS",
        "top": 643,
        "left": 975,
        "height": 39,
        "width": 104
    },
    {
        "text": "RATE",
        "top": 643,
        "left": 1224,
        "height": 39,
        "width": 79
    },
    {
        "text": "AMOUNT",
        "top": 643,
        "left": 1435,
        "height": 39,
        "width": 135
    },
    {
        "text": "2",
        "top": 684,
        "left": 925,
        "height": 39,
        "width": 16
    },
    {
        "text": "2",
        "top": 724,
        "left": 925,
        "height": 39,
        "width": 16
    },
    {
        "text": "4",
        "top": 764,
        "left": 925,
        "height": 39,
        "width": 16
    },
    {
        "text": "5",
        "top": 803,
        "left": 925,
        "height": 39,
        "width": 16
    },
    {
        "text": "1",
        "top": 843,
        "left": 925,
        "height": 39,
        "width": 16
    },
    {
        "text": "4.95",
        "top": 684,
        "left": 1306,
        "height": 39,
        "width": 58
    },
    {
        "text": "2.55",
        "top": 724,
        "left": 1306,
        "height": 39,
        "width": 58
    },
    {
        "text": "7.95",
        "top": 764,
        "left": 1306,
        "height": 39,
        "width": 58
    },
    {
        "text": "0.83",
        "top": 803,
        "left": 1306,
        "height": 39,
        "width": 58
    },
    {
        "text": "10.79",
        "top": 843,
        "left": 1289,
        "height": 39,
        "width": 74
    },
    {
        "text": "TOTAL",
        "top": 1356,
        "left": 1280,
        "height": 39,
        "width": 100
    },
    {
        "text": "9.90",
        "top": 684,
        "left": 1548,
        "height": 39,
        "width": 58
    },
    {
        "text": "5.10",
        "top": 724,
        "left": 1548,
        "height": 39,
        "width": 58
    },
    {
        "text": "31.80",
        "top": 764,
        "left": 1531,
        "height": 39,
        "width": 74
    },
    {
        "text": "4.15",
        "top": 803,
        "left": 1548,
        "height": 39,
        "width": 58
    },
    {
        "text": "10.79",
        "top": 843,
        "left": 1531,
        "height": 39,
        "width": 74
    },
    {
        "text": "$",
        "top": 1356,
        "left": 1507,
        "height": 39,
        "width": 16
    },
    {
        "text": "68.53",
        "top": 1356,
        "left": 1532,
        "height": 39,
        "width": 74
    },
    {
        "text": "Thank",
        "top": 1512,
        "left": 635,
        "height": 39,
        "width": 91
    },
    {
        "text": "you",
        "top": 1512,
        "left": 735,
        "height": 39,
        "width": 55
    },
    {
        "text": "for",
        "top": 1512,
        "left": 798,
        "height": 39,
        "width": 46
    },
    {
        "text": "your",
        "top": 1512,
        "left": 852,
        "height": 39,
        "width": 69
    },
    {
        "text": "business!",
        "top": 1512,
        "left": 929,
        "height": 39,
        "width": 138
    }
]